[2026-08-08T07:03:15.455Z] GET https://www.cheongimun.com/saju-v2.html → 200 (87ms, 37059B)
[2026-08-08T07:03:15.545Z] GET https://t1.daumcdn.net/kas/static/kp.js → 200 (65ms, 89128B)
[2026-08-08T07:03:15.545Z] GET https://www.cheongimun.com/marketing-pixels.js → 200 (23ms, 1087B)
[2026-08-08T07:03:15.545Z] GET https://www.cheongimun.com/saju-funnel.js → 200 (23ms, 10849B)
[2026-08-08T07:03:15.545Z] GET https://code.iconify.design/iconify-icon/1.0.7/iconify-icon.min.js → 200 (147ms, 22003B)
[2026-08-08T07:03:15.546Z] GET https://fonts.googleapis.com/css2?family=Noto+Serif+KR:wght@400;700;900&display=swap → 200 (195ms, 284694B)
[2026-08-08T07:03:15.546Z] GET https://cdn.jsdelivr.net/gh/moonspam/NanumSquare@2.0/nanumsquare.css → 200 (57ms, 2595B)
[2026-08-08T07:03:15.547Z] GET https://www.googletagmanager.com/gtm.js?id=GTM-TLM52542 → 200 (487ms, 474190B)
[2026-08-08T07:03:15.547Z] GET https://connect.facebook.net/en_US/fbevents.js → 200 (217ms, 407669B)
[2026-08-08T07:03:15.629Z] GET https://us-assets.i.posthog.com/static/array.js → 200 (302ms, 243544B)
[2026-08-08T07:03:15.703Z] GET https://api.iconify.design/solar.json?icons=arrow-left-linear%2Cclose-circle-linear → 200 (208ms, 470B)
[2026-08-08T07:03:15.811Z] GET https://connect.facebook.net/signals/config/801409569520736?v=2.9.373&r=stable&domain=www.cheongimun.com&hme=6d1ed5deee7eafc01c53d9e9fc3c4e10db50c3d28237bc4932686777e5c3969a&ex_m=111%2C215%2C163%2C23%2C76%2C77%2C154%2C72%2C71%2C11%2C172%2C96%2C17%2C146%2C134%2C41%2C79%2C84%2C142%2C168%2C174%2C27%2C15%2C28%2C29%2C30%2C32%2C50%2C155%2C81%2C119%2C19%2C21%2C46%2C42%2C44%2C43%2C89%2C98%2C102%2C117%2C153%2C156%2C48%2C118%2C25%2C22%2C126%2C73%2C38%2C158%2C157%2C159%2C150%2C148%2C26%2C37%2C61%2C116%2C170%2C74%2C18%2C161%2C121%2C87%2C70%2C20%2C91%2C92%2C123%2C90%2C144%2C143%2C147%2C103%2C169%2C36%2C51%2C120%2C49%2C8%2C4%2C5%2C7%2C6%2C3%2C97%2C108%2C175%2C182%2C229%2C78%2C242%2C241%2C240%2C24%2C35%2C57%2C110%2C63%2C10%2C67%2C104%2C105%2C106%2C112%2C137%2C33%2C31%2C139%2C140%2C141%2C136%2C135%2C164%2C80%2C167%2C165%2C166%2C52%2C62%2C130%2C16%2C171%2C47%2C286%2C287%2C285%2C300%2C318%2C222%2C211%2C64%2C212%2C210%2C321%2C312%2C54%2C223%2C114%2C138%2C86%2C128%2C56%2C127%2C133%2C132%2C60%2C68%2C66%2C160%2C82%2C83%2C122%2C39%2C34%2C55%2C58%2C107%2C173%2C1%2C131%2C14%2C129%2C12%2C2%2C59%2C99%2C69%2C65%2C125%2C95%2C94%2C176%2C177%2C100%2C101%2C9%2C109%2C53%2C151%2C93%2C85%2C75%2C124%2C113%2C45%2C152%2C0%2C88%2C145%2C149%2C162%2C40%2C115%2C13%2C178 → 200 (275ms, 422339B)
[2026-08-08T07:03:15.889Z] GET https://fonts.gstatic.com/s/notoserifkr/v31/3Jn7SDn90Gmq2mr3blnHaTZXduUBwuF9Wxop-KlAZIoTrf6uFZh_9Q.105.woff2 → 200 (238ms, 46332B)
[2026-08-08T07:03:15.889Z] GET https://fonts.gstatic.com/s/notoserifkr/v31/3Jn7SDn90Gmq2mr3blnHaTZXduUBwuF9Wxop-KlAZIoTrf6uFZh_9Q.119.woff2 → 200 (285ms, 23920B)
[2026-08-08T07:03:15.889Z] GET https://cdn.jsdelivr.net/gh/moonspam/NanumSquare@2.0/NanumSquareEB.woff2 → 200 (75ms, 161228B)
[2026-08-08T07:03:15.890Z] GET https://cdn.jsdelivr.net/gh/moonspam/NanumSquare@2.0/NanumSquareR.woff2 → 200 (75ms, 158816B)
[2026-08-08T07:03:15.890Z] GET https://fonts.gstatic.com/s/notoserifkr/v31/3Jn7SDn90Gmq2mr3blnHaTZXduUBwuF9Wxop-KlAZIoTrf6uFZh_9Q.81.woff2 → 200 (332ms, 65400B)
[2026-08-08T07:03:15.890Z] GET https://fonts.gstatic.com/s/notoserifkr/v31/3Jn7SDn90Gmq2mr3blnHaTZXduUBwuF9Wxop-KlAZIoTrf6uFZh_9Q.100.woff2 → 200 (294ms, 45616B)
[2026-08-08T07:03:15.890Z] GET https://fonts.gstatic.com/s/notoserifkr/v31/3Jn7SDn90Gmq2mr3blnHaTZXRudj1Q.woff2 → 200 (257ms, 34744B)
[2026-08-08T07:03:15.890Z] GET https://fonts.gstatic.com/s/notoserifkr/v31/3Jn7SDn90Gmq2mr3blnHaTZXduUBwuF9Wxop-KlAZIoTrf6uFZh_9Q.118.woff2 → 200 (238ms, 31068B)
[2026-08-08T07:03:15.890Z] GET https://fonts.gstatic.com/s/notoserifkr/v31/3Jn7SDn90Gmq2mr3blnHaTZXduUBwuF9Wxop-KlAZIoTrf6uFZh_9Q.116.woff2 → 200 (269ms, 39000B)
[2026-08-08T07:03:15.890Z] GET https://fonts.gstatic.com/s/notoserifkr/v31/3Jn7SDn90Gmq2mr3blnHaTZXduUBwuF9Wxop-KlAZIoTrf6uFZh_9Q.117.woff2 → 200 (240ms, 36464B)
[2026-08-08T07:03:15.890Z] GET https://fonts.gstatic.com/s/notoserifkr/v31/3Jn7SDn90Gmq2mr3blnHaTZXduUBwuF9Wxop-KlAZIoTrf6uFZh_9Q.115.woff2 → 200 (277ms, 38664B)
[2026-08-08T07:03:15.930Z] GET https://cdn.jsdelivr.net/gh/moonspam/NanumSquare@2.0/NanumSquareB.woff2 → 200 (36ms, 159952B)
[2026-08-08T07:03:15.933Z] GET https://cdn.taboola.com/libtrc/unip/2038573/tfa.js → 200 (51ms, 93879B)
[2026-08-08T07:03:15.964Z] GET https://us-assets.i.posthog.com/array/phc_mN4MuR3pQpHrrseJCn9ooJpYaLiryyCGSXYBoxx1haD/config.js → 200 (48ms, 1169B)
[2026-08-08T07:03:15.992Z] GET https://trc.taboola.com/2038573/trc/3/json?tim=1786172595991&data=%7B%22id%22%3A800%2C%22ii%22%3A%22%2Fsaju-v2.html%22%2C%22it%22%3A%22video%22%2C%22sd%22%3Anull%2C%22ui%22%3Anull%2C%22vi%22%3A1786172595984%2C%22cv%22%3A%2220260803-5-RELEASE%22%2C%22uiv%22%3A%22default%22%2C%22u%22%3A%22https%3A%2F%2Fwww.cheongimun.com%2Fsaju-v2.html%3F%22%2C%22e%22%3Anull%2C%22cb%22%3A%22TFASC.trkCallback%22%2C%22qs%22%3A%22%22%2C%22r%22%3A%5B%7B%22li%22%3A%22rbox-tracking%22%2C%22s%22%3A0%2C%22uim%22%3A%22rbox-tracking%3Apub%3Dcheongimun-sc%3Aabp%3D0%22%2C%22uip%22%3A%22rbox-tracking%22%2C%22orig_uip%22%3A%22rbox-tracking%22%7D%5D%2C%22mpvd%22%3A%7B%22en%22%3A%22page_view%22%2C%22tim%22%3A1786172595989%2C%22ref%22%3Anull%2C%22item-url%22%3A%22https%3A%2F%2Fwww.cheongimun.com%2Fsaju-v2.html%22%2C%22tos%22%3A1%2C%22ssd%22%3A1%2C%22scd%22%3A0%2C%22it%22%3A%22JS_PIXEL%22%2C%22supv%22%3Atrue%7D%2C%22pa%22%3A%7B%22su%22%3Atrue%7D%2C%22psb%22%3Atrue%7D&pubit=i → 200 (89ms, 2986B)
[2026-08-08T07:03:16.014Z] GET https://us-assets.i.posthog.com/static/surveys.js?v=1.414.0 → 200 (71ms, 98656B)
[2026-08-08T07:03:16.014Z] GET https://us-assets.i.posthog.com/static/dead-clicks-autocapture.js?v=1.414.0 → 200 (68ms, 17887B)
[2026-08-08T07:03:16.028Z] POST https://us.i.posthog.com/flags/?v=2&compression=base64 → pending (?ms, ?B)
[2026-08-08T07:03:16.079Z] GET https://www.googletagmanager.com/gtag/js?id=G-WZ4V7PKR2H&cx=c&gtm=4e6852 → 200 (106ms, 564224B)
[2026-08-08T07:03:16.079Z] GET https://analytics.tiktok.com/i18n/pixel/events.js?sdkid=D51N4NJC77U22M4JL520&lib=ttq → 200 (263ms, 11415B)
[2026-08-08T07:03:16.080Z] POST https://www.google.com/ccm/collect?rcb=2&frm=0&apvc=1&ae=g&auid=163263190.1786172596&dt=%ED%95%98%EB%8A%98%EC%9D%B4%20%EB%82%B4%EB%A6%B0%20%EC%82%AC%EC%A3%BC%EB%A5%BC%20%EC%B0%BE%EC%8A%B5%EB%8B%88%EB%8B%A4%20%7C%20%EC%B2%9C%EA%B8%B0%EB%AC%B8&en=page_view&dl=https%3A%2F%2Fwww.cheongimun.com%2Fsaju-v2.html&scrsrc=www.googletagmanager.com&rnd=159204934.1786172596&navt=n&npa=0&ep.ads_data_redaction=0&gtm=45He6852v9237176845za200zd9237176845xea&gcd=13l3l3l3l1l1&dma=0&tag_exp=115938466~115938468~118395334~118897920~118897930~119527020~119896802~120125305~120385422&tft=1786172596076&tfd=622&fmt=8 → 200 (178ms, ?B)
[2026-08-08T07:03:16.080Z] POST https://ad.doubleclick.net/ccm/s/collect?auid=163263190.1786172596&gtm=45He6852v9237176845za200zd9237176845xea&fmt=8 → 204 (208ms, ?B)
[2026-08-08T07:03:16.132Z] GET https://bc.ad.daum.net/bc?d=%7B%22track_id%22%3A%223741533729815874327%22%2C%22event_code%22%3A%22PageView%22%2C%22params%22%3A%7B%7D%2C%22props%22%3A%7B%22lmt%22%3A%22N%22%7D%2C%22site%22%3A%7B%22identifier%22%3A%22www.cheongimun.com%22%7D%2C%22sdk%22%3A%7B%22type%22%3A%22WEB%22%2C%22version%22%3A%221.7.0%22%7D%2C%22page%22%3A%7B%22url%22%3A%22https%3A%2F%2Fwww.cheongimun.com%2Fsaju-v2.html%22%2C%22is_frame_env%22%3Afalse%7D%2C%22device%22%3A%7B%22dnt%22%3A%22N%22%2C%22device_type%22%3A%22pc%22%2C%22is_mobile%22%3A%22N%22%2C%22browser%22%3A%22HeadlessChrome%22%2C%22browser_version%22%3A%22145.0.7632.6%22%2C%22os%22%3A%22Windows%22%2C%22os_version%22%3A%2219.0.0%22%7D%7D → 204 (52ms, ?B)
[2026-08-08T07:03:16.221Z] GET https://www.googletagmanager.com/gtag/destination?id=AW-17872050043&cx=c&gtm=4e6852 → 200 (169ms, ?B)
[2026-08-08T07:03:16.343Z] GET https://analytics.tiktok.com/i18n/pixel/static/main.MWQwZTMxZTQ3OQ.js → 200 (46ms, ?B)
[2026-08-08T07:03:16.433Z] GET https://analytics.tiktok.com/i18n/pixel/static/identify_ea043f1c.js → 200 (12ms, 155676B)
[2026-08-08T07:03:16.433Z] POST https://analytics-ipv6.tiktokw.us/ipv6/enrich_ipv6 → 200 (242ms, ?B)
[2026-08-08T07:03:16.433Z] POST https://analytics.tiktok.com/api/v2/pixel → 200 (284ms, ?B)
[2026-08-08T07:03:16.433Z] POST https://analytics.tiktok.com/api/v2/pixel → 200 (224ms, ?B)
[2026-08-08T07:03:16.479Z] GET https://googleads.g.doubleclick.net/pagead/viewthroughconversion/17872050043/?random=1786172596455&cv=11&fst=1786172596455&bg=ffffff&guid=ON&async=1&gtm=45be6852z89237176845za20gzb9237176845zd9237176845xea&gcd=13l3l3l3l1l1&dma=0&tag_exp=115616985~115938466~115938469~118897920~118897930~119367803~119367811~119527019~119896802&u_w=420&u_h=900&url=https%3A%2F%2Fwww.cheongimun.com%2Fsaju-v2.html&rcb=3&frm=0&tiba=%ED%95%98%EB%8A%98%EC%9D%B4%20%EB%82%B4%EB%A6%B0%20%EC%82%AC%EC%A3%BC%EB%A5%BC%20%EC%B0%BE%EC%8A%B5%EB%8B%88%EB%8B%A4%20%7C%20%EC%B2%9C%EA%B8%B0%EB%AC%B8&hn=www.googleadservices.com&npa=0&pscdl=noapi&auid=163263190.1786172596&uaa=x86&uab=64&uafvl=Not%253AA-Brand%3B99.0.0.0%7CHeadlessChrome%3B145.0.7632.6%7CChromium%3B145.0.7632.6&uamb=0&uam=&uap=Windows&uapv=19.0.0&uaw=0&_tu=CA&ept=9&rfmt=3&fmt=4 → 200 (170ms, 6623B)
[2026-08-08T07:03:16.479Z] POST https://www.google.com/rmkt/collect/17872050043/?random=1786172596455&cv=11&fst=1786172596455&fmt=8&bg=ffffff&guid=ON&async=1&gtm=45be6852z89237176845za20gzb9237176845zd9237176845xea&gcd=13l3l3l3l1l1&dma=0&tag_exp=115616985~115938466~115938469~118897920~118897930~119367803~119367811~119527019~119896802&u_w=420&u_h=900&url=https%3A%2F%2Fwww.cheongimun.com%2Fsaju-v2.html&rcb=3&frm=0&tiba=%ED%95%98%EB%8A%98%EC%9D%B4%20%EB%82%B4%EB%A6%B0%20%EC%82%AC%EC%A3%BC%EB%A5%BC%20%EC%B0%BE%EC%8A%B5%EB%8B%88%EB%8B%A4%20%7C%20%EC%B2%9C%EA%B8%B0%EB%AC%B8&hn=www.googleadservices.com&npa=0&pscdl=noapi&auid=163263190.1786172596&uaa=x86&uab=64&uafvl=Not%253AA-Brand%3B99.0.0.0%7CHeadlessChrome%3B145.0.7632.6%7CChromium%3B145.0.7632.6&uamb=0&uam=&uap=Windows&uapv=19.0.0&uaw=0&_tu=CA&ept=68&gcp=5 → 200 (49ms, ?B)
[2026-08-08T07:03:16.479Z] POST https://www.google.com/ccm/collect?rcb=3&frm=0&apvc=0&ae=g&auid=163263190.1786172596&dt=%ED%95%98%EB%8A%98%EC%9D%B4%20%EB%82%B4%EB%A6%B0%20%EC%82%AC%EC%A3%BC%EB%A5%BC%20%EC%B0%BE%EC%8A%B5%EB%8B%88%EB%8B%A4%20%7C%20%EC%B2%9C%EA%B8%B0%EB%AC%B8&tid=AW-17872050043&dl=https%3A%2F%2Fwww.cheongimun.com%2Fsaju-v2.html&scrsrc=www.googletagmanager.com&rnd=159204934.1786172596&navt=n&npa=0&_tu=CA&gtm=45be6852z89237176845za20gzb9237176845zd9237176845xea&gcd=13l3l3l3l1l1&dma=0&tag_exp=115616985~115938466~115938469~118897920~118897930~119367803~119367811~119527019~119896802&tft=1786172596479&tfd=1025&tids=AW-17872050043&fmt=8 → 200 (83ms, ?B)
[2026-08-08T07:03:16.650Z] GET https://www.google.com/pagead/1p-user-list/17872050043/?random=1786172596455&cv=11&fst=1786172400000&bg=ffffff&guid=ON&async=1&gtm=45be6852z89237176845za20gzb9237176845zd9237176845xea&gcd=13l3l3l3l1l1&dma=0&tag_exp=115616985~115938466~115938469~118897920~118897930~119367803~119367811~119527019~119896802&u_w=420&u_h=900&url=https%3A%2F%2Fwww.cheongimun.com%2Fsaju-v2.html&rcb=3&frm=0&tiba=%ED%95%98%EB%8A%98%EC%9D%B4%20%EB%82%B4%EB%A6%B0%20%EC%82%AC%EC%A3%BC%EB%A5%BC%20%EC%B0%BE%EC%8A%B5%EB%8B%88%EB%8B%A4%20%7C%20%EC%B2%9C%EA%B8%B0%EB%AC%B8&hn=www.googleadservices.com&npa=0&pscdl=noapi&auid=163263190.1786172596&uaa=x86&uab=64&uafvl=Not%253AA-Brand%3B99.0.0.0%7CHeadlessChrome%3B145.0.7632.6%7CChromium%3B145.0.7632.6&uamb=0&uam=&uap=Windows&uapv=19.0.0&uaw=0&_tu=CA&ept=9&rfmt=3&fmt=3&is_vtc=1&cid=CAQS1AEAEQoqgZRh47LVv4JfjHFND8_-5ptF17nD06fgsMAFYN3B1XLYyQFujN_wjaMGE-rM4xVbmPyc2_N3NBDfbCvLeuvuQCo7Ff7P0OEKGsTdwsZTpFskjsfxc5VXwFWGD94hzhO4NcOXjBr_7OIVWQOC-9i54Ei_XFYOkoRi4M7j6Z1Ktlj6DU40Xc7Az1dHl5nAUnPBOYS3G9WBeXEIh0UoDlOHrmiIT1dpXgQSsXA-Aa4ESjcXhhhDzuSLjWYIimYAThnXu8-_PN0z19Tv6nmpkdFXMg&random=3263999975&rmt_tld=0&ipr=y → 200 (48ms, 42B)
[2026-08-08T07:03:16.650Z] GET https://www.google.co.kr/pagead/1p-user-list/17872050043/?random=1786172596455&cv=11&fst=1786172400000&bg=ffffff&guid=ON&async=1&gtm=45be6852z89237176845za20gzb9237176845zd9237176845xea&gcd=13l3l3l3l1l1&dma=0&tag_exp=115616985~115938466~115938469~118897920~118897930~119367803~119367811~119527019~119896802&u_w=420&u_h=900&url=https%3A%2F%2Fwww.cheongimun.com%2Fsaju-v2.html&rcb=3&frm=0&tiba=%ED%95%98%EB%8A%98%EC%9D%B4%20%EB%82%B4%EB%A6%B0%20%EC%82%AC%EC%A3%BC%EB%A5%BC%20%EC%B0%BE%EC%8A%B5%EB%8B%88%EB%8B%A4%20%7C%20%EC%B2%9C%EA%B8%B0%EB%AC%B8&hn=www.googleadservices.com&npa=0&pscdl=noapi&auid=163263190.1786172596&uaa=x86&uab=64&uafvl=Not%253AA-Brand%3B99.0.0.0%7CHeadlessChrome%3B145.0.7632.6%7CChromium%3B145.0.7632.6&uamb=0&uam=&uap=Windows&uapv=19.0.0&uaw=0&_tu=CA&ept=9&rfmt=3&fmt=3&is_vtc=1&cid=CAQS1AEAEQoqgZRh47LVv4JfjHFND8_-5ptF17nD06fgsMAFYN3B1XLYyQFujN_wjaMGE-rM4xVbmPyc2_N3NBDfbCvLeuvuQCo7Ff7P0OEKGsTdwsZTpFskjsfxc5VXwFWGD94hzhO4NcOXjBr_7OIVWQOC-9i54Ei_XFYOkoRi4M7j6Z1Ktlj6DU40Xc7Az1dHl5nAUnPBOYS3G9WBeXEIh0UoDlOHrmiIT1dpXgQSsXA-Aa4ESjcXhhhDzuSLjWYIimYAThnXu8-_PN0z19Tv6nmpkdFXMg&random=3263999975&rmt_tld=1&ipr=y → 200 (230ms, 42B)
[2026-08-08T07:03:16.700Z] POST https://analytics.tiktok.com/api/v2/pixel/act → 200 (248ms, ?B)
[2026-08-08T07:03:16.904Z] POST https://analytics.google.com/g/collect?v=2&tid=G-WZ4V7PKR2H&gtm=45je6852v9237179954z89237176845za20gzb9237176845zd9237176845&_p=1786172595546&_gaz=1&gcd=13l3l3l3l1l1&npa=0&dma=0&_eu=AAAAACAC&are=1&cid=888359168.1786172597&frm=0&ibt=1&ngs=1&pscdl=noapi&rcb=2&sr=420x900&uaa=x86&uab=64&uafvl=Not%253AA-Brand%3B99.0.0.0%7CHeadlessChrome%3B145.0.7632.6%7CChromium%3B145.0.7632.6&uam=&uamb=0&uap=Windows&uapv=19.0.0&uaw=0&ul=ko&_s=1&tag_exp=115938466~115938469~118897920~118897930~119527019~119896802&sid=1786172596&sct=1&seg=0&dl=https%3A%2F%2Fwww.cheongimun.com%2Fsaju-v2.html&dt=%ED%95%98%EB%8A%98%EC%9D%B4%20%EB%82%B4%EB%A6%B0%20%EC%82%AC%EC%A3%BC%EB%A5%BC%20%EC%B0%BE%EC%8A%B5%EB%8B%88%EB%8B%A4%20%7C%20%EC%B2%9C%EA%B8%B0%EB%AC%B8&en=scroll&_fv=1&_nsi=1&_ss=1&epn.percent_scrolled=3&tfd=1439 → 204 (290ms, ?B)
[2026-08-08T07:03:16.904Z] POST https://stats.g.doubleclick.net/g/collect?v=2&ngs=1&ibt=1&tid=G-WZ4V7PKR2H&cid=888359168.1786172597&gtm=45je6852v9237179954z89237176845za20gzb9237176845zd9237176845&rcb=2&aip=1&dma=0&gcd=13l3l3l3l1l1&npa=0&frm=0&tag_exp=115938466~115938469~118897920~118897930~119527019~119896802 → 204 (223ms, ?B)
[2026-08-08T07:03:16.904Z] GET https://www.google.co.kr/ads/ga-audiences?v=1&t=sr&slf_rd=1&_r=4&ngs=1&ibt=1&tid=G-WZ4V7PKR2H&cid=888359168.1786172597&gtm=45je6852v9237179954z89237176845za20gzb9237176845zd9237176845&rcb=2&aip=1&dma=0&gcd=13l3l3l3l1l1&npa=0&frm=0&tag_exp=115938466~115938469~118897920~118897930~119527019~119896802&z=921706785 → 200 (96ms, 42B)
[2026-08-08T07:03:20.589Z] GET https://trc-events.taboola.com/2038573/log/3/unip?en=pre_d_eng_tb&tos=4598&scd=0&ssd=1&est=1786172595987&ver=36&isls=true&src=i&invt=4500&msa=142&rv=1&tim=1786172600586&vi=1786172595984&ri=aab6a166474459960dd2a55e9e1bec69&sd=v2_8fc4dd2432903bc2393a518d8d615a3e_a245b0a6-4066-4b93-9fb0-a132d90084ab-tuct11705a34_1786172596_1786172596_CNawjgYQrbZ8GJC-u4H-MyABKAEwdziKxgtA9pEQSJPv1wNQ24QZWABgAGjl2LSbkpiiwKwBcAGAAQCIAQCQAQA&ui=a245b0a6-4066-4b93-9fb0-a132d90084ab-tuct11705a34&ref=null&cv=20260803-5-RELEASE&item-url=https%3A%2F%2Fwww.cheongimun.com%2Fsaju-v2.html&it=JS_PIXEL → pending (?ms, ?B)
[2026-08-08T07:03:21.902Z] POST https://analytics.google.com/g/collect?v=2&tid=G-WZ4V7PKR2H&gtm=45je6852v9237179954z89237176845za20gzb9237176845zd9237176845&_p=1786172595546&gcd=13l3l3l3l1l1&npa=0&dma=0&_eu=AAAAACQC&are=1&cid=888359168.1786172597&frm=0&ibt=1&ngs=1&pscdl=noapi&rcb=2&sr=420x900&uaa=x86&uab=64&uafvl=Not%253AA-Brand%3B99.0.0.0%7CHeadlessChrome%3B145.0.7632.6%7CChromium%3B145.0.7632.6&uam=&uamb=0&uap=Windows&uapv=19.0.0&uaw=0&ul=ko&tag_exp=115938466~115938469~118897920~118897930~119527019~119896802&sid=1786172596&sct=1&seg=0&dl=https%3A%2F%2Fwww.cheongimun.com%2Fsaju-v2.html&dt=%ED%95%98%EB%8A%98%EC%9D%B4%20%EB%82%B4%EB%A6%B0%20%EC%82%AC%EC%A3%BC%EB%A5%BC%20%EC%B0%BE%EC%8A%B5%EB%8B%88%EB%8B%A4%20%7C%20%EC%B2%9C%EA%B8%B0%EB%AC%B8&_s=2&tfd=6446 → 204 (81ms, ?B)
[2026-08-08T07:03:26.090Z] GET https://trc-events.taboola.com/2038573/log/3/unip?en=pre_d_eng_tb&tos=10101&scd=0&ssd=1&est=1786172595987&ver=36&isls=true&src=i&invt=5500&msa=142&rv=1&tim=1786172606089&vi=1786172595984&ri=aab6a166474459960dd2a55e9e1bec69&sd=v2_8fc4dd2432903bc2393a518d8d615a3e_a245b0a6-4066-4b93-9fb0-a132d90084ab-tuct11705a34_1786172596_1786172596_CNawjgYQrbZ8GJC-u4H-MyABKAEwdziKxgtA9pEQSJPv1wNQ24QZWABgAGjl2LSbkpiiwKwBcAGAAQCIAQCQAQA&ui=a245b0a6-4066-4b93-9fb0-a132d90084ab-tuct11705a34&ref=null&cv=20260803-5-RELEASE&item-url=https%3A%2F%2Fwww.cheongimun.com%2Fsaju-v2.html&it=JS_PIXEL → 204 (324ms, ?B)
[2026-08-08T07:03:26.439Z] POST https://analytics.tiktok.com/api/v2/pixel → pending (?ms, ?B)
[2026-08-08T07:03:36.093Z] GET https://trc-events.taboola.com/2038573/log/3/unip?en=pre_d_eng_tb&tos=20104&scd=0&ssd=1&est=1786172595987&ver=36&isls=true&src=i&invt=10000&msa=142&rv=1&tim=1786172616092&vi=1786172595984&ri=aab6a166474459960dd2a55e9e1bec69&sd=v2_8fc4dd2432903bc2393a518d8d615a3e_a245b0a6-4066-4b93-9fb0-a132d90084ab-tuct11705a34_1786172596_1786172596_CNawjgYQrbZ8GJC-u4H-MyABKAEwdziKxgtA9pEQSJPv1wNQ24QZWABgAGjl2LSbkpiiwKwBcAGAAQCIAQCQAQA&ui=a245b0a6-4066-4b93-9fb0-a132d90084ab-tuct11705a34&ref=null&cv=20260803-5-RELEASE&item-url=https%3A%2F%2Fwww.cheongimun.com%2Fsaju-v2.html&it=JS_PIXEL → 204 (324ms, ?B)
[2026-08-08T07:03:46.102Z] GET https://trc-events.taboola.com/2038573/log/3/unip?en=pre_d_eng_tb&tos=30112&scd=0&ssd=1&est=1786172595987&ver=36&isls=true&src=i&invt=10000&msa=142&rv=1&tim=1786172626100&vi=1786172595984&ri=aab6a166474459960dd2a55e9e1bec69&sd=v2_8fc4dd2432903bc2393a518d8d615a3e_a245b0a6-4066-4b93-9fb0-a132d90084ab-tuct11705a34_1786172596_1786172596_CNawjgYQrbZ8GJC-u4H-MyABKAEwdziKxgtA9pEQSJPv1wNQ24QZWABgAGjl2LSbkpiiwKwBcAGAAQCIAQCQAQA&ui=a245b0a6-4066-4b93-9fb0-a132d90084ab-tuct11705a34&ref=null&cv=20260803-5-RELEASE&item-url=https%3A%2F%2Fwww.cheongimun.com%2Fsaju-v2.html&it=JS_PIXEL → 204 (323ms, ?B)
[2026-08-08T07:03:49.198Z] GET https://www.cheongimun.com/l/saju/result-v6/da79f7ff-6fc1-4854-8598-957868dc813e → 200 (239ms, 35953B)
[2026-08-08T07:03:49.445Z] GET https://www.cheongimun.com/_next/static/media/caa3a2e1cccd8315-s.p.0wgildi0cnwt9.woff2?dpl=dpl_HDvjcYscFJ6NcupVf3R2USaTCK1T → 200 (32ms, 29288B)
[2026-08-08T07:03:49.445Z] GET https://www.cheongimun.com/_next/static/chunks/1yv2r8k1sf-b4.css?dpl=dpl_HDvjcYscFJ6NcupVf3R2USaTCK1T → 200 (16ms, 103046B)
[2026-08-08T07:03:49.445Z] GET https://www.cheongimun.com/_next/static/chunks/3ul05v_tw6y5j.css?dpl=dpl_HDvjcYscFJ6NcupVf3R2USaTCK1T → 200 (64ms, 147535B)
[2026-08-08T07:03:49.445Z] GET https://www.cheongimun.com/_next/static/chunks/26dd1v-lem625.css?dpl=dpl_HDvjcYscFJ6NcupVf3R2USaTCK1T → 200 (53ms, 326988B)
[2026-08-08T07:03:49.446Z] GET https://www.cheongimun.com/_next/static/chunks/2c56nq6v84lhj.css?dpl=dpl_HDvjcYscFJ6NcupVf3R2USaTCK1T → 200 (17ms, 409267B)
[2026-08-08T07:03:49.446Z] GET https://www.cheongimun.com/_next/static/chunks/29_wrvsk5l9wt.css?dpl=dpl_HDvjcYscFJ6NcupVf3R2USaTCK1T → 200 (31ms, 15563B)
[2026-08-08T07:03:49.446Z] GET https://www.cheongimun.com/_next/static/chunks/0_kzlq7c4pu09.css?dpl=dpl_HDvjcYscFJ6NcupVf3R2USaTCK1T → 200 (31ms, 289090B)
[2026-08-08T07:03:49.446Z] GET https://www.cheongimun.com/_next/static/chunks/2xmx1-ru894di.css?dpl=dpl_HDvjcYscFJ6NcupVf3R2USaTCK1T → 200 (15ms, 27825B)
[2026-08-08T07:03:49.446Z] GET https://www.cheongimun.com/_next/static/chunks/0ketm3ryj7lh2.css?dpl=dpl_HDvjcYscFJ6NcupVf3R2USaTCK1T → 200 (36ms, 2833B)
[2026-08-08T07:03:49.446Z] GET https://www.cheongimun.com/_next/static/chunks/2fcu6n1renv8v.js?dpl=dpl_HDvjcYscFJ6NcupVf3R2USaTCK1T → 200 (52ms, 1675B)
[2026-08-08T07:03:49.446Z] GET https://www.cheongimun.com/_next/static/chunks/261vg6rbr0u6m.js?dpl=dpl_HDvjcYscFJ6NcupVf3R2USaTCK1T → 200 (44ms, 45294B)
[2026-08-08T07:03:49.447Z] GET https://www.cheongimun.com/_next/static/chunks/23m43-ihq5f8h.js?dpl=dpl_HDvjcYscFJ6NcupVf3R2USaTCK1T → 200 (42ms, 31515B)
[2026-08-08T07:03:49.447Z] GET https://www.cheongimun.com/_next/static/chunks/0ylz1nlj0ns1t.js?dpl=dpl_HDvjcYscFJ6NcupVf3R2USaTCK1T → 200 (53ms, 138119B)
[2026-08-08T07:03:49.447Z] GET https://www.cheongimun.com/_next/static/chunks/25tgpg98ujj96.js?dpl=dpl_HDvjcYscFJ6NcupVf3R2USaTCK1T → 200 (52ms, 39971B)
[2026-08-08T07:03:49.447Z] GET https://www.cheongimun.com/_next/static/chunks/28i5uxzkq2r8_.js?dpl=dpl_HDvjcYscFJ6NcupVf3R2USaTCK1T → 200 (70ms, ?B)
[2026-08-08T07:03:49.447Z] GET https://www.cheongimun.com/_next/static/chunks/turbopack-1pwub_8ly0ecl.js?dpl=dpl_HDvjcYscFJ6NcupVf3R2USaTCK1T → 200 (52ms, 11463B)
[2026-08-08T07:03:49.447Z] GET https://www.cheongimun.com/_next/static/chunks/25phv-ub79dnb.js?dpl=dpl_HDvjcYscFJ6NcupVf3R2USaTCK1T → 200 (51ms, 22077B)
[2026-08-08T07:03:49.447Z] GET https://www.cheongimun.com/_next/static/chunks/270zybkhwcl1u.js?dpl=dpl_HDvjcYscFJ6NcupVf3R2USaTCK1T → 200 (52ms, 44041B)
[2026-08-08T07:03:49.447Z] GET https://www.cheongimun.com/_next/static/chunks/1h94wx92ffsiq.js?dpl=dpl_HDvjcYscFJ6NcupVf3R2USaTCK1T → 200 (52ms, 55142B)
[2026-08-08T07:03:49.447Z] GET https://www.cheongimun.com/_next/static/chunks/00i816rebioh_.js?dpl=dpl_HDvjcYscFJ6NcupVf3R2USaTCK1T → 200 (70ms, ?B)
[2026-08-08T07:03:49.447Z] GET https://www.cheongimun.com/_next/static/chunks/36f_nrbmcq8-1.js?dpl=dpl_HDvjcYscFJ6NcupVf3R2USaTCK1T → pending (?ms, ?B)
[2026-08-08T07:03:49.447Z] GET https://www.cheongimun.com/_next/static/chunks/2hp1v7piagy47.js?dpl=dpl_HDvjcYscFJ6NcupVf3R2USaTCK1T → 200 (41ms, 1233B)
[2026-08-08T07:03:49.447Z] GET https://www.cheongimun.com/_next/static/chunks/44_g_i9iq19rk.js?dpl=dpl_HDvjcYscFJ6NcupVf3R2USaTCK1T → 200 (68ms, ?B)
[2026-08-08T07:03:49.447Z] GET https://www.cheongimun.com/_next/static/chunks/2noz-y3wo1cga.js?dpl=dpl_HDvjcYscFJ6NcupVf3R2USaTCK1T → 200 (68ms, ?B)
[2026-08-08T07:03:49.447Z] GET https://www.cheongimun.com/_next/static/chunks/0p9eg8p2-gsj_.js?dpl=dpl_HDvjcYscFJ6NcupVf3R2USaTCK1T → 200 (68ms, ?B)
[2026-08-08T07:03:49.447Z] GET https://www.cheongimun.com/_next/static/chunks/22mohzzhmqse-.js?dpl=dpl_HDvjcYscFJ6NcupVf3R2USaTCK1T → 200 (68ms, ?B)
[2026-08-08T07:03:49.447Z] GET https://www.cheongimun.com/_next/static/chunks/3k2kfe9_c6my9.js?dpl=dpl_HDvjcYscFJ6NcupVf3R2USaTCK1T → 200 (68ms, ?B)
[2026-08-08T07:03:49.447Z] GET https://www.cheongimun.com/_next/static/chunks/02ur4ldkfrscj.js?dpl=dpl_HDvjcYscFJ6NcupVf3R2USaTCK1T → 200 (52ms, 25313B)
[2026-08-08T07:03:49.447Z] GET https://www.cheongimun.com/_next/static/chunks/00disu1til8mv.js?dpl=dpl_HDvjcYscFJ6NcupVf3R2USaTCK1T → 200 (68ms, ?B)
[2026-08-08T07:03:49.447Z] GET https://www.cheongimun.com/_next/static/chunks/055s95ef4qn_s.js?dpl=dpl_HDvjcYscFJ6NcupVf3R2USaTCK1T → 200 (68ms, ?B)
[2026-08-08T07:03:49.447Z] GET https://www.cheongimun.com/_next/static/chunks/1rhjhtkw8p9c3.css?dpl=dpl_HDvjcYscFJ6NcupVf3R2USaTCK1T → 200 (36ms, 30761B)
[2026-08-08T07:03:49.628Z] GET https://www.cheongimun.com/_next/static/media/fa12cce6cf85a6a9-s.17qdxhdiuu8_4.woff2?dpl=dpl_HDvjcYscFJ6NcupVf3R2USaTCK1T → 200 (26ms, 46388B)
[2026-08-08T07:03:49.628Z] GET https://www.cheongimun.com/_next/static/media/NanumSquareR-s.3uu6dg-lfljzp.woff2?dpl=dpl_HDvjcYscFJ6NcupVf3R2USaTCK1T → 200 (43ms, 158816B)
[2026-08-08T07:03:49.628Z] GET https://www.cheongimun.com/_next/static/media/NanumSquareEB-s.1kd46xf2qkz-t.woff2?dpl=dpl_HDvjcYscFJ6NcupVf3R2USaTCK1T → 200 (50ms, 161228B)
[2026-08-08T07:03:49.628Z] GET https://www.cheongimun.com/_next/static/media/NanumSquareB-s.0b-vihnorzt2a.woff2?dpl=dpl_HDvjcYscFJ6NcupVf3R2USaTCK1T → 200 (37ms, 159952B)
[2026-08-08T07:03:49.628Z] GET https://www.cheongimun.com/_next/static/media/7fc9c92292d32c4a-s.1ms2rae--hzs0.woff2?dpl=dpl_HDvjcYscFJ6NcupVf3R2USaTCK1T → 200 (38ms, 34732B)
[2026-08-08T07:03:49.628Z] GET https://www.cheongimun.com/_next/static/media/43404f001e9e4c3a-s.119be2i6jko2s.woff2?dpl=dpl_HDvjcYscFJ6NcupVf3R2USaTCK1T → 200 (31ms, 31096B)
[2026-08-08T07:03:49.628Z] GET https://www.cheongimun.com/_next/static/media/0dc91985633ca6d5-s.0cw5ztxmur2aj.woff2?dpl=dpl_HDvjcYscFJ6NcupVf3R2USaTCK1T → 200 (22ms, 65392B)
[2026-08-08T07:03:49.628Z] GET https://www.cheongimun.com/_next/static/media/b6a2fbe5d83f04a3-s.2zs4o5b8ytf5o.woff2?dpl=dpl_HDvjcYscFJ6NcupVf3R2USaTCK1T → 200 (24ms, 45532B)
[2026-08-08T07:03:49.628Z] GET https://www.cheongimun.com/_next/static/media/e6c4dfc60a29e0fd-s.3lvwq7vc74lgq.woff2?dpl=dpl_HDvjcYscFJ6NcupVf3R2USaTCK1T → 200 (30ms, 68268B)
[2026-08-08T07:03:49.701Z] GET https://us-assets.i.posthog.com/static/dead-clicks-autocapture.js?v=1.407.2 → 200 (83ms, 17887B)
[2026-08-08T07:03:49.701Z] GET https://us-assets.i.posthog.com/array/phc_mN4MuR3pQpHrrseJCn9ooJpYaLiryyCGSXYBoxx1haD/config.js → 200 (?ms, 1169B)
[2026-08-08T07:03:49.729Z] GET https://www.cheongimun.com/_next/static/chunks/3aougypxp2dbf.js?dpl=dpl_HDvjcYscFJ6NcupVf3R2USaTCK1T → 200 (14ms, 5393B)
[2026-08-08T07:03:49.729Z] GET https://www.cheongimun.com/_next/static/chunks/2-7hi-vakr-is.css?dpl=dpl_HDvjcYscFJ6NcupVf3R2USaTCK1T → 200 (12ms, 7136B)
[2026-08-08T07:03:49.729Z] GET https://www.cheongimun.com/_next/static/chunks/3_jhiakhozfxs.js?dpl=dpl_HDvjcYscFJ6NcupVf3R2USaTCK1T → 200 (16ms, 8406B)
[2026-08-08T07:03:49.729Z] GET https://www.cheongimun.com/_next/static/chunks/1v70hj3egnta7.js?dpl=dpl_HDvjcYscFJ6NcupVf3R2USaTCK1T → 200 (13ms, 2924B)
[2026-08-08T07:03:49.740Z] GET https://www.clarity.ms/tag/vwxntnnixs → pending (?ms, ?B)
[2026-08-08T07:03:49.740Z] GET https://api.cheongimun.com/api/v1/products/code/PREMIUM_SAJU_V4 → 200 (78ms, 249B)
[2026-08-08T07:03:49.740Z] GET https://api.cheongimun.com/api/v1/free-saju/results/da79f7ff-6fc1-4854-8598-957868dc813e → 200 (78ms, 22539B)
[2026-08-08T07:03:49.741Z] GET https://www.cheongimun.com/_vercel/insights/script.js → 200 (54ms, 2495B)
[2026-08-08T07:03:49.741Z] GET https://www.cheongimun.com/_vercel/speed-insights/script.js → 200 (43ms, 12567B)
[2026-08-08T07:03:49.750Z] GET https://us-assets.i.posthog.com/static/surveys.js?v=1.407.2 → 200 (354ms, 98656B)
[2026-08-08T07:03:49.751Z] GET https://www.googletagmanager.com/gtm.js?id=GTM-TLM52542 → 200 (?ms, 474190B)
[2026-08-08T07:03:49.781Z] GET https://www.googletagmanager.com/gtag/js?id=G-WZ4V7PKR2H&cx=c&gtm=4e6852 → 200 (?ms, 564224B)
[2026-08-08T07:03:49.782Z] GET https://connect.facebook.net/en_US/fbevents.js → 200 (?ms, 407669B)
[2026-08-08T07:03:49.782Z] GET https://analytics.tiktok.com/i18n/pixel/events.js?sdkid=D51N4NJC77U22M4JL520&lib=ttq → 200 (322ms, 11415B)
[2026-08-08T07:03:49.782Z] POST https://www.google.com/ccm/collect?rcb=4&frm=0&apvc=1&ae=g&auid=163263190.1786172596&dt=%EC%B2%9C%EA%B8%B0%EB%AC%B8%20%E5%A4%A9%E6%A9%9F%E9%96%80%20-%20%EC%82%AC%EC%A3%BC%ED%8C%94%EC%9E%90%20%ED%92%80%EC%9D%B4&en=page_view&dl=https%3A%2F%2Fwww.cheongimun.com%2Fl%2Fsaju%2Fresult-v6%2Fda79f7ff-6fc1-4854-8598-957868dc813e&scrsrc=www.googletagmanager.com&rnd=1947616312.1786172630&navt=n&npa=0&ep.ads_data_redaction=0&gtm=45He6852v9237176845za200zd9237176845xea&gcd=13l3l3l3l1l1&dma=0&tag_exp=115938465~115938469~118395333~118897920~118897930~119527019~119896803~120385423&tft=1786172629780&tfd=582&fmt=8 → 200 (322ms, ?B)
[2026-08-08T07:03:49.786Z] POST https://us.i.posthog.com/flags/?v=2&ver=1.407.2&compression=base64 → 200 (318ms, 279B)
[2026-08-08T07:03:49.818Z] GET https://www.googletagmanager.com/gtag/destination?id=AW-17872050043&cx=c&gtm=4e6852 → 200 (?ms, 453450B)
[2026-08-08T07:03:50.082Z] GET https://www.cheongimun.com/_next/static/chunks/2j3lhlhte_8oi.js?dpl=dpl_HDvjcYscFJ6NcupVf3R2USaTCK1T → 200 (19ms, 520B)
[2026-08-08T07:03:50.082Z] GET https://www.cheongimun.com/_next/static/chunks/3bkkp8-0i4z3j.js?dpl=dpl_HDvjcYscFJ6NcupVf3R2USaTCK1T → 200 (21ms, 6465B)
[2026-08-08T07:03:50.082Z] GET https://www.cheongimun.com/_next/static/chunks/456uyhnykjfx9.js?dpl=dpl_HDvjcYscFJ6NcupVf3R2USaTCK1T → 200 (18ms, 7129B)
[2026-08-08T07:03:50.082Z] GET https://www.cheongimun.com/_next/static/chunks/31ez6y4m-xspy.js?dpl=dpl_HDvjcYscFJ6NcupVf3R2USaTCK1T → 200 (18ms, 10943B)
[2026-08-08T07:03:50.082Z] GET https://www.cheongimun.com/_next/static/chunks/3dhuxgvdnjour.js?dpl=dpl_HDvjcYscFJ6NcupVf3R2USaTCK1T → 200 (19ms, 520B)
[2026-08-08T07:03:50.082Z] GET https://www.cheongimun.com/_next/static/media/051742360c26797e-s.1bkzbscqrt8rl.woff2?dpl=dpl_HDvjcYscFJ6NcupVf3R2USaTCK1T → 200 (28ms, 31340B)
[2026-08-08T07:03:50.082Z] GET https://www.cheongimun.com/_next/static/media/68adae8a30b6011b-s.2s1tqqitr7pic.woff2?dpl=dpl_HDvjcYscFJ6NcupVf3R2USaTCK1T → 200 (56ms, 23952B)
[2026-08-08T07:03:50.082Z] GET https://www.cheongimun.com/_next/static/media/29dccbbc8e91d77a-s.3tbw9_zpsd5h5.woff2?dpl=dpl_HDvjcYscFJ6NcupVf3R2USaTCK1T → 200 (61ms, 40148B)
[2026-08-08T07:03:50.082Z] GET https://www.cheongimun.com/_next/static/media/8b1fc554cb63b03b-s.11h8cu2ahvf3z.woff2?dpl=dpl_HDvjcYscFJ6NcupVf3R2USaTCK1T → 200 (64ms, 36412B)
[2026-08-08T07:03:50.082Z] GET https://www.cheongimun.com/_next/static/media/0ced19e4530075c8-s.3m-x668a1_8-3.woff2?dpl=dpl_HDvjcYscFJ6NcupVf3R2USaTCK1T → 200 (28ms, 16208B)
[2026-08-08T07:03:50.083Z] GET https://www.cheongimun.com/_next/static/media/eef7f318fe2b91aa-s.25chfrev4475t.woff2?dpl=dpl_HDvjcYscFJ6NcupVf3R2USaTCK1T → 200 (27ms, 39008B)
[2026-08-08T07:03:50.083Z] GET https://www.cheongimun.com/_next/static/media/a8ffa25660b901dc-s.01wsg2z5rhp3k.woff2?dpl=dpl_HDvjcYscFJ6NcupVf3R2USaTCK1T → 200 (293ms, 41572B)
[2026-08-08T07:03:50.083Z] GET https://www.cheongimun.com/_next/static/media/fb3e19f241cfe3dc-s.3htwig-cg7x8v.woff2?dpl=dpl_HDvjcYscFJ6NcupVf3R2USaTCK1T → 200 (22ms, 41416B)
[2026-08-08T07:03:50.083Z] GET https://www.cheongimun.com/_next/static/media/ecb6252de6819673-s.3rr762_dth573.woff2?dpl=dpl_HDvjcYscFJ6NcupVf3R2USaTCK1T → 200 (57ms, 44908B)
[2026-08-08T07:03:50.083Z] GET https://www.cheongimun.com/_next/static/media/38b37cde9a671e3e-s.39cvdsl9tsbwk.woff2?dpl=dpl_HDvjcYscFJ6NcupVf3R2USaTCK1T → 200 (56ms, 62572B)
[2026-08-08T07:03:50.083Z] GET https://www.cheongimun.com/_next/static/media/9261f5fd1b658996-s.16kovo52k__eq.woff2?dpl=dpl_HDvjcYscFJ6NcupVf3R2USaTCK1T → 200 (27ms, 42476B)
[2026-08-08T07:03:50.083Z] GET https://www.cheongimun.com/_next/static/media/cfac625057b708cd-s.3sc8bcow0mbx5.woff2?dpl=dpl_HDvjcYscFJ6NcupVf3R2USaTCK1T → 200 (59ms, 58640B)
[2026-08-08T07:03:50.083Z] GET https://www.cheongimun.com/_next/static/media/7d81eed51125f996-s.0fx4eiayfj0_b.woff2?dpl=dpl_HDvjcYscFJ6NcupVf3R2USaTCK1T → 200 (56ms, 68428B)
[2026-08-08T07:03:50.083Z] GET https://www.cheongimun.com/_next/static/media/49c3b7995a909277-s.2blo3plt8cm6-.woff2?dpl=dpl_HDvjcYscFJ6NcupVf3R2USaTCK1T → 200 (62ms, 59196B)
[2026-08-08T07:03:50.083Z] GET https://www.cheongimun.com/_next/static/media/c8912d8d60bfc6ae-s.41g_bdyuxzmp4.woff2?dpl=dpl_HDvjcYscFJ6NcupVf3R2USaTCK1T → 200 (61ms, 63132B)
[2026-08-08T07:03:50.083Z] GET https://www.cheongimun.com/_next/static/media/14bc40de73a076a0-s.2fx9hj14h745n.woff2?dpl=dpl_HDvjcYscFJ6NcupVf3R2USaTCK1T → 200 (58ms, 38656B)
[2026-08-08T07:03:50.083Z] GET https://www.cheongimun.com/_next/static/media/114cae703f88a047-s.0scu8f_7vpn4_.woff2?dpl=dpl_HDvjcYscFJ6NcupVf3R2USaTCK1T → 200 (58ms, 41132B)
[2026-08-08T07:03:50.083Z] GET https://www.cheongimun.com/_next/static/media/5cca0c9830a67f55-s.1vdhz01gut_i0.woff2?dpl=dpl_HDvjcYscFJ6NcupVf3R2USaTCK1T → 200 (57ms, 42104B)
[2026-08-08T07:03:50.083Z] GET https://www.cheongimun.com/_next/static/media/14ac8ef6aaba926f-s.2b86npuogkc1r.woff2?dpl=dpl_HDvjcYscFJ6NcupVf3R2USaTCK1T → 200 (59ms, 43296B)
[2026-08-08T07:03:50.083Z] GET https://www.cheongimun.com/_next/static/media/97aea7754bbab8d9-s.22-qop7rejjnk.woff2?dpl=dpl_HDvjcYscFJ6NcupVf3R2USaTCK1T → 200 (58ms, 70644B)
[2026-08-08T07:03:50.083Z] GET https://www.cheongimun.com/_next/static/media/0cef264a007a55da-s.0v5e6v0r_jwz2.woff2?dpl=dpl_HDvjcYscFJ6NcupVf3R2USaTCK1T → 200 (59ms, 45744B)
[2026-08-08T07:03:50.083Z] GET https://www.cheongimun.com/_next/static/media/4d004bcd250b51c4-s.3yegqak42jwze.woff2?dpl=dpl_HDvjcYscFJ6NcupVf3R2USaTCK1T → 200 (58ms, 46096B)
[2026-08-08T07:03:50.083Z] GET https://www.cheongimun.com/_next/static/media/a6e657c4279b7c26-s.1yq4pnzu8znog.woff2?dpl=dpl_HDvjcYscFJ6NcupVf3R2USaTCK1T → 200 (60ms, 42824B)
[2026-08-08T07:03:50.083Z] GET https://www.cheongimun.com/_next/static/media/9fb02baa4fd97897-s.2r5hzku9guwhd.woff2?dpl=dpl_HDvjcYscFJ6NcupVf3R2USaTCK1T → 200 (294ms, 78188B)
[2026-08-08T07:03:50.083Z] GET https://www.cheongimun.com/_next/static/media/f625fa976a31a038-s.252aie3eq3p0e.woff2?dpl=dpl_HDvjcYscFJ6NcupVf3R2USaTCK1T → 200 (61ms, 65184B)
[2026-08-08T07:03:50.083Z] GET https://www.cheongimun.com/_next/static/media/ed4b9d686b7aef86-s.3kercgksvhil5.woff2?dpl=dpl_HDvjcYscFJ6NcupVf3R2USaTCK1T → 200 (57ms, 55940B)
[2026-08-08T07:03:50.083Z] GET https://www.cheongimun.com/_next/static/media/f0244ed9c934fe8b-s.3042b1-vza-g5.woff2?dpl=dpl_HDvjcYscFJ6NcupVf3R2USaTCK1T → 200 (292ms, 71216B)
[2026-08-08T07:03:50.374Z] GET https://www.cheongimun.com/_next/static/media/d8cd782fa9ae3d4d-s.1p2lizfg81idc.woff2?dpl=dpl_HDvjcYscFJ6NcupVf3R2USaTCK1T → 200 (37ms, 14668B)
[2026-08-08T07:03:50.374Z] GET https://www.cheongimun.com/_next/static/media/fca78c2ee6cec166-s.1sn26-iqxrgtp.woff2?dpl=dpl_HDvjcYscFJ6NcupVf3R2USaTCK1T → 200 (36ms, 26084B)
[2026-08-08T07:03:50.374Z] GET https://www.cheongimun.com/_next/static/media/8a497761829c8748-s.2rajdhyr9w-z4.woff2?dpl=dpl_HDvjcYscFJ6NcupVf3R2USaTCK1T → 200 (38ms, 16172B)
[2026-08-08T07:03:50.374Z] GET https://www.cheongimun.com/_next/static/media/71c14456d24a4b84-s.0z9hutkde_u05.woff2?dpl=dpl_HDvjcYscFJ6NcupVf3R2USaTCK1T → 200 (36ms, 16288B)
[2026-08-08T07:03:50.374Z] GET https://www.cheongimun.com/_next/static/media/2206cbe4f1f4c69d-s.3mum7y3d7rws7.woff2?dpl=dpl_HDvjcYscFJ6NcupVf3R2USaTCK1T → 200 (37ms, 14420B)
[2026-08-08T07:03:50.374Z] GET https://www.cheongimun.com/_next/static/media/2da868b477e86450-s.3c2e1i3y_5zke.woff2?dpl=dpl_HDvjcYscFJ6NcupVf3R2USaTCK1T → 200 (36ms, 16668B)
[2026-08-08T07:03:50.374Z] GET https://www.cheongimun.com/_next/static/media/7ea3631c3cde394b-s.0vf3wnf2h_7vf.woff2?dpl=dpl_HDvjcYscFJ6NcupVf3R2USaTCK1T → 200 (36ms, 16444B)
[2026-08-08T07:03:50.375Z] GET https://www.cheongimun.com/_next/static/media/d2991efcbcf9b9c8-s.3_lce71n7tjxo.woff2?dpl=dpl_HDvjcYscFJ6NcupVf3R2USaTCK1T → 200 (34ms, 16176B)
[2026-08-08T07:03:50.375Z] GET https://www.cheongimun.com/_next/static/media/6c77187342e37cf9-s.07hmemvzf4-u9.woff2?dpl=dpl_HDvjcYscFJ6NcupVf3R2USaTCK1T → 200 (93ms, 16492B)
[2026-08-08T07:03:50.375Z] GET https://www.cheongimun.com/_next/static/media/166adff9cb65b3de-s.00wz22ol8wj9o.woff2?dpl=dpl_HDvjcYscFJ6NcupVf3R2USaTCK1T → 200 (33ms, 19664B)
[2026-08-08T07:03:50.375Z] GET https://www.cheongimun.com/_next/static/media/ff64329746d3c5f4-s.39f462kzq7srk.woff2?dpl=dpl_HDvjcYscFJ6NcupVf3R2USaTCK1T → 200 (36ms, 17416B)
[2026-08-08T07:03:50.375Z] GET https://www.cheongimun.com/_next/static/media/5ed35f6cd72e795a-s.0j67rumwa89lb.woff2?dpl=dpl_HDvjcYscFJ6NcupVf3R2USaTCK1T → 200 (34ms, 17604B)
[2026-08-08T07:03:50.375Z] GET https://www.cheongimun.com/_next/static/media/e310e24a00c850da-s.0a6xhwd1n-twr.woff2?dpl=dpl_HDvjcYscFJ6NcupVf3R2USaTCK1T → 200 (35ms, 17988B)
[2026-08-08T07:03:50.467Z] GET https://connect.facebook.net/signals/config/801409569520736?v=2.9.373&r=stable&domain=www.cheongimun.com&hme=6d1ed5deee7eafc01c53d9e9fc3c4e10db50c3d28237bc4932686777e5c3969a&ex_m=111%2C215%2C163%2C23%2C76%2C77%2C154%2C72%2C71%2C11%2C172%2C96%2C17%2C146%2C134%2C41%2C79%2C84%2C142%2C168%2C174%2C27%2C15%2C28%2C29%2C30%2C32%2C50%2C155%2C81%2C119%2C19%2C21%2C46%2C42%2C44%2C43%2C89%2C98%2C102%2C117%2C153%2C156%2C48%2C118%2C25%2C22%2C126%2C73%2C38%2C158%2C157%2C159%2C150%2C148%2C26%2C37%2C61%2C116%2C170%2C74%2C18%2C161%2C121%2C87%2C70%2C20%2C91%2C92%2C123%2C90%2C144%2C143%2C147%2C103%2C169%2C36%2C51%2C120%2C49%2C8%2C4%2C5%2C7%2C6%2C3%2C97%2C108%2C175%2C182%2C229%2C78%2C242%2C241%2C240%2C24%2C35%2C57%2C110%2C63%2C10%2C67%2C104%2C105%2C106%2C112%2C137%2C33%2C31%2C139%2C140%2C141%2C136%2C135%2C164%2C80%2C167%2C165%2C166%2C52%2C62%2C130%2C16%2C171%2C47%2C286%2C287%2C285%2C300%2C318%2C222%2C211%2C64%2C212%2C210%2C321%2C312%2C54%2C223%2C114%2C138%2C86%2C128%2C56%2C127%2C133%2C132%2C60%2C68%2C66%2C160%2C82%2C83%2C122%2C39%2C34%2C55%2C58%2C107%2C173%2C1%2C131%2C14%2C129%2C12%2C2%2C59%2C99%2C69%2C65%2C125%2C95%2C94%2C176%2C177%2C100%2C101%2C9%2C109%2C53%2C151%2C93%2C85%2C75%2C124%2C113%2C45%2C152%2C0%2C88%2C145%2C149%2C162%2C40%2C115%2C13%2C178 → 200 (9ms, 422339B)
[2026-08-08T07:03:50.491Z] GET https://googleads.g.doubleclick.net/pagead/viewthroughconversion/17872050043/?random=1786172630481&cv=11&fst=1786172630481&bg=ffffff&guid=ON&async=1&gtm=45be6852z89237176845za20gzb9237176845zd9237176845xea&gcd=13l3l3l3l1l1&dma=0&tag_exp=115938465~115938469~118897920~118897930~119367803~119367811~119527019~119896803&u_w=420&u_h=900&url=https%3A%2F%2Fwww.cheongimun.com%2Fl%2Fsaju%2Fresult-v6%2Fda79f7ff-6fc1-4854-8598-957868dc813e&rcb=5&frm=0&tiba=%EC%B2%9C%EA%B8%B0%EB%AC%B8%20%E5%A4%A9%E6%A9%9F%E9%96%80%20-%20%EC%82%AC%EC%A3%BC%ED%8C%94%EC%9E%90%20%ED%92%80%EC%9D%B4&hn=www.googleadservices.com&npa=0&pscdl=noapi&auid=163263190.1786172596&uaa=x86&uab=64&uafvl=Not%253AA-Brand%3B99.0.0.0%7CHeadlessChrome%3B145.0.7632.6%7CChromium%3B145.0.7632.6&uamb=0&uam=&uap=Windows&uapv=19.0.0&uaw=0&_tu=CA&ept=9&rfmt=3&fmt=4 → pending (?ms, ?B)
[2026-08-08T07:03:50.491Z] POST https://www.google.com/rmkt/collect/17872050043/?random=1786172630481&cv=11&fst=1786172630481&fmt=8&bg=ffffff&guid=ON&async=1&gtm=45be6852z89237176845za20gzb9237176845zd9237176845xea&gcd=13l3l3l3l1l1&dma=0&tag_exp=115938465~115938469~118897920~118897930~119367803~119367811~119527019~119896803&u_w=420&u_h=900&url=https%3A%2F%2Fwww.cheongimun.com%2Fl%2Fsaju%2Fresult-v6%2Fda79f7ff-6fc1-4854-8598-957868dc813e&rcb=5&frm=0&tiba=%EC%B2%9C%EA%B8%B0%EB%AC%B8%20%E5%A4%A9%E6%A9%9F%E9%96%80%20-%20%EC%82%AC%EC%A3%BC%ED%8C%94%EC%9E%90%20%ED%92%80%EC%9D%B4&hn=www.googleadservices.com&npa=0&pscdl=noapi&auid=163263190.1786172596&uaa=x86&uab=64&uafvl=Not%253AA-Brand%3B99.0.0.0%7CHeadlessChrome%3B145.0.7632.6%7CChromium%3B145.0.7632.6&uamb=0&uam=&uap=Windows&uapv=19.0.0&uaw=0&_tu=CA&ept=68&gcp=5 → 200 (47ms, ?B)
[2026-08-08T07:03:50.491Z] POST https://www.google.com/ccm/collect?rcb=5&frm=0&apvc=0&ae=g&auid=163263190.1786172596&dt=%EC%B2%9C%EA%B8%B0%EB%AC%B8%20%E5%A4%A9%E6%A9%9F%E9%96%80%20-%20%EC%82%AC%EC%A3%BC%ED%8C%94%EC%9E%90%20%ED%92%80%EC%9D%B4&tid=AW-17872050043&dl=https%3A%2F%2Fwww.cheongimun.com%2Fl%2Fsaju%2Fresult-v6%2Fda79f7ff-6fc1-4854-8598-957868dc813e&scrsrc=www.googletagmanager.com&rnd=1947616312.1786172630&navt=n&npa=0&_tu=CA&gtm=45be6852z89237176845za20gzb9237176845zd9237176845xea&gcd=13l3l3l3l1l1&dma=0&tag_exp=115938465~115938469~118897920~118897930~119367803~119367811~119527019~119896803&tft=1786172630486&tfd=1288&tids=AW-17872050043&fmt=8 → 200 (77ms, ?B)
[2026-08-08T07:03:50.493Z] GET https://analytics.tiktok.com/i18n/pixel/static/main.MWQwZTMxZTQ3OQ.js → 200 (1ms, 536319B)
[2026-08-08T07:03:50.526Z] GET https://analytics.tiktok.com/i18n/pixel/static/identify_ea043f1c.js → 200 (?ms, 155676B)
[2026-08-08T07:03:50.526Z] POST https://analytics.tiktok.com/api/v2/pixel → pending (?ms, ?B)
[2026-08-08T07:03:50.532Z] POST https://analytics.tiktok.com/api/v2/pixel → pending (?ms, ?B)
[2026-08-08T07:03:50.539Z] GET https://analytics.tiktok.com/i18n/pixel/events.js?sdkid=D51N4NJC77U22M4JL520&lib=ttq → pending (?ms, ?B)
[2026-08-08T07:03:50.539Z] GET https://t1.daumcdn.net/kas/static/kp.js → 200 (?ms, 89128B)
[2026-08-08T07:03:50.553Z] GET https://t1.kakaocdn.net/kas/static/third-party/cookie/ct2.html → pending (?ms, ?B)
[2026-08-08T07:03:50.554Z] GET https://cdn.taboola.com/libtrc/unip/2038573/tfa.js → 200 (2ms, 93879B)
[2026-08-08T07:03:50.563Z] GET https://trc.taboola.com/2038573/trc/3/json?tim=1786172630560&data=%7B%22id%22%3A948%2C%22ii%22%3A%22%2Fl%2Fsaju%2Fresult-v6%2Fda79f7ff-6fc1-4854-8598-957868dc813e%22%2C%22it%22%3A%22video%22%2C%22sd%22%3A%22v2_8fc4dd2432903bc2393a518d8d615a3e_a245b0a6-4066-4b93-9fb0-a132d90084ab-tuct11705a34_1786172596_1786172596_CNawjgYQrbZ8GJC-u4H-MyABKAEwdziKxgtA9pEQSJPv1wNQ24QZWABgAGjl2LSbkpiiwKwBcAGAAQCIAQCQAQA%22%2C%22ui%22%3A%22a245b0a6-4066-4b93-9fb0-a132d90084ab-tuct11705a34%22%2C%22vi%22%3A1786172630557%2C%22cv%22%3A%2220260803-5-RELEASE%22%2C%22uiv%22%3A%22default%22%2C%22u%22%3A%22https%3A%2F%2Fwww.cheongimun.com%2Fl%2Fsaju%2Fresult-v6%2Fda79f7ff-6fc1-4854-8598-957868dc813e%3F%22%2C%22e%22%3Anull%2C%22cb%22%3A%22TFASC.trkCallback%22%2C%22qs%22%3A%22%22%2C%22r%22%3A%5B%7B%22li%22%3A%22rbox-tracking%22%2C%22s%22%3A0%2C%22uim%22%3A%22rbox-tracking%3Apub%3Dcheongimun-sc%3Aabp%3D0%22%2C%22uip%22%3A%22rbox-tracking%22%2C%22orig_uip%22%3A%22rbox-tracking%22%7D%5D%2C%22mpvd%22%3A%7B%22en%22%3A%22page_view%22%2C%22tim%22%3A1786172630559%2C%22ref%22%3Anull%2C%22item-url%22%3A%22https%3A%2F%2Fwww.cheongimun.com%2Fl%2Fsaju%2Fresult-v6%2Fda79f7ff-6fc1-4854-8598-957868dc813e%22%2C%22tos%22%3A33453%2C%22ssd%22%3A2%2C%22scd%22%3A0%2C%22it%22%3A%22JS_PIXEL%22%2C%22supv%22%3Atrue%7D%2C%22pa%22%3A%7B%22su%22%3Atrue%7D%2C%22psb%22%3Atrue%7D&pubit=i → pending (?ms, ?B)
[2026-08-08T07:03:50.588Z] GET https://www.google.com/pagead/1p-user-list/17872050043/?random=1786172630481&cv=11&fst=1786172400000&bg=ffffff&guid=ON&async=1&gtm=45be6852z89237176845za20gzb9237176845zd9237176845xea&gcd=13l3l3l3l1l1&dma=0&tag_exp=115938465~115938469~118897920~118897930~119367803~119367811~119527019~119896803&u_w=420&u_h=900&url=https%3A%2F%2Fwww.cheongimun.com%2Fl%2Fsaju%2Fresult-v6%2Fda79f7ff-6fc1-4854-8598-957868dc813e&rcb=5&frm=0&tiba=%EC%B2%9C%EA%B8%B0%EB%AC%B8%20%E5%A4%A9%E6%A9%9F%E9%96%80%20-%20%EC%82%AC%EC%A3%BC%ED%8C%94%EC%9E%90%20%ED%92%80%EC%9D%B4&hn=www.googleadservices.com&npa=0&pscdl=noapi&auid=163263190.1786172596&uaa=x86&uab=64&uafvl=Not%253AA-Brand%3B99.0.0.0%7CHeadlessChrome%3B145.0.7632.6%7CChromium%3B145.0.7632.6&uamb=0&uam=&uap=Windows&uapv=19.0.0&uaw=0&_tu=CA&ept=9&rfmt=3&fmt=3&is_vtc=1&cid=CAQS4gEAEQoqga4jzB1eAhIn2QjWTCEDBeyYMDblzI2hzyjcwQuwonO2hZEj5xMD8FjUgNKxRRd5yx_pvgrf_nwAsYhL8gtvcfN5BUZCMDf85dI1zhP-J9TB02YHl21Cj5LSXZnhc7z5CWs9wk2cN6RoXOba2-QowCqkF70sUc290I907OujDBWdY4yREtmNyNDDqxvuax9UsPR-u1n1pq2NN_yY69GOrWG3gTFS6ka3YezyJDbgpTBoMd51M6nIV5FpD3yGJJoJylZQAeGebuTZcxBIVJaPCtN0O-DG-OMQliaO7ngs&random=514555394&rmt_tld=0&ipr=y → 200 (47ms, 42B)
[2026-08-08T07:03:50.588Z] GET https://www.google.co.kr/pagead/1p-user-list/17872050043/?random=1786172630481&cv=11&fst=1786172400000&bg=ffffff&guid=ON&async=1&gtm=45be6852z89237176845za20gzb9237176845zd9237176845xea&gcd=13l3l3l3l1l1&dma=0&tag_exp=115938465~115938469~118897920~118897930~119367803~119367811~119527019~119896803&u_w=420&u_h=900&url=https%3A%2F%2Fwww.cheongimun.com%2Fl%2Fsaju%2Fresult-v6%2Fda79f7ff-6fc1-4854-8598-957868dc813e&rcb=5&frm=0&tiba=%EC%B2%9C%EA%B8%B0%EB%AC%B8%20%E5%A4%A9%E6%A9%9F%E9%96%80%20-%20%EC%82%AC%EC%A3%BC%ED%8C%94%EC%9E%90%20%ED%92%80%EC%9D%B4&hn=www.googleadservices.com&npa=0&pscdl=noapi&auid=163263190.1786172596&uaa=x86&uab=64&uafvl=Not%253AA-Brand%3B99.0.0.0%7CHeadlessChrome%3B145.0.7632.6%7CChromium%3B145.0.7632.6&uamb=0&uam=&uap=Windows&uapv=19.0.0&uaw=0&_tu=CA&ept=9&rfmt=3&fmt=3&is_vtc=1&cid=CAQS4gEAEQoqga4jzB1eAhIn2QjWTCEDBeyYMDblzI2hzyjcwQuwonO2hZEj5xMD8FjUgNKxRRd5yx_pvgrf_nwAsYhL8gtvcfN5BUZCMDf85dI1zhP-J9TB02YHl21Cj5LSXZnhc7z5CWs9wk2cN6RoXOba2-QowCqkF70sUc290I907OujDBWdY4yREtmNyNDDqxvuax9UsPR-u1n1pq2NN_yY69GOrWG3gTFS6ka3YezyJDbgpTBoMd51M6nIV5FpD3yGJJoJylZQAeGebuTZcxBIVJaPCtN0O-DG-OMQliaO7ngs&random=514555394&rmt_tld=1&ipr=y → 200 (97ms, 42B)
[2026-08-08T07:03:50.611Z] GET https://bc.ad.daum.net/bc?d=%7B%22track_id%22%3A%223741533729815874327%22%2C%22event_code%22%3A%22PageView%22%2C%22params%22%3A%7B%7D%2C%22props%22%3A%7B%22lmt%22%3A%22N%22%7D%2C%22site%22%3A%7B%22identifier%22%3A%22www.cheongimun.com%22%7D%2C%22sdk%22%3A%7B%22type%22%3A%22WEB%22%2C%22version%22%3A%221.7.0%22%2C%22tpc%22%3A%22Y%22%7D%2C%22page%22%3A%7B%22url%22%3A%22https%3A%2F%2Fwww.cheongimun.com%2Fl%2Fsaju%2Fresult-v6%2Fda79f7ff-6fc1-4854-8598-957868dc813e%22%2C%22is_frame_env%22%3Afalse%7D%2C%22device%22%3A%7B%22dnt%22%3A%22N%22%2C%22device_type%22%3A%22pc%22%2C%22is_mobile%22%3A%22N%22%2C%22browser%22%3A%22HeadlessChrome%22%2C%22browser_version%22%3A%22145.0.7632.6%22%2C%22os%22%3A%22Windows%22%2C%22os_version%22%3A%2219.0.0%22%7D%7D → 204 (15ms, ?B)
[2026-08-08T07:03:50.685Z] GET https://www.googleadservices.com/pagead/conversion/17872050043/?random=1786172630666&cv=11&fst=1786172630666&fmt=7&bg=ffffff&guid=ON&async=1&en=conversion&gtm=45be6852z89237176845za20gzb9237176845zd9237176845xea&gcd=13l3l3l3l1l1&dma=0&tag_exp=115938465~115938469~118897920~118897930~119367803~119367811~119527019~119896803&u_w=420&u_h=900&url=https%3A%2F%2Fwww.cheongimun.com%2Fl%2Fsaju%2Fresult-v6%2Fda79f7ff-6fc1-4854-8598-957868dc813e&rcb=5&label=ubnwCOHZj50cEPuuh8pC&capi=1&frm=0&tiba=%EC%B2%9C%EA%B8%B0%EB%AC%B8%20%E5%A4%A9%E6%A9%9F%E9%96%80%20-%20%EC%82%AC%EC%A3%BC%ED%8C%94%EC%9E%90%20%ED%92%80%EC%9D%B4&bttype=purchase&value=0&hn=www.googleadservices.com&npa=0&pscdl=noapi&auid=163263190.1786172596&uaa=x86&uab=64&uafvl=Not%253AA-Brand%3B99.0.0.0%7CHeadlessChrome%3B145.0.7632.6%7CChromium%3B145.0.7632.6&uamb=0&uam=&uap=Windows&uapv=19.0.0&uaw=0&ec_mode=a&oid=1360427004.1786172631&oidsrc=3&ecsid2=491367216.1786172631&_tu=CBA&gcl_ctr=1~0~0~0&category=acrcp_v1_512&em=tv.1&emd=tvd.1&ept=5 → 200 (200ms, 3550B)
[2026-08-08T07:03:50.685Z] POST https://analytics.tiktok.com/api/v2/pixel → 200 (118ms, ?B)
[2026-08-08T07:03:50.685Z] GET https://www.googleadservices.com/pagead/conversion/17872050043/?random=1786172630679&cv=11&fst=1786172630679&fmt=7&bg=ffffff&guid=ON&async=1&en=conversion&gtm=45be6852za20gzb9237176845zd9237176845xec&gcd=13l3l3l3l1l1&dma=0&tag_exp=115938465~115938469~118897920~118897930~119367803~119367811~119527019~119896803&u_w=420&u_h=900&url=https%3A%2F%2Fwww.cheongimun.com%2Fl%2Fsaju%2Fresult-v6%2Fda79f7ff-6fc1-4854-8598-957868dc813e&rcb=5&label=ubnwCOHZj50cEPuuh8pC&capi=1&gtm_ee=1&frm=0&tiba=%EC%B2%9C%EA%B8%B0%EB%AC%B8%20%E5%A4%A9%E6%A9%9F%E9%96%80%20-%20%EC%82%AC%EC%A3%BC%ED%8C%94%EC%9E%90%20%ED%92%80%EC%9D%B4&value=0&currency_code=KRW&hn=www.googleadservices.com&npa=0&pscdl=noapi&auid=163263190.1786172596&uaa=x86&uab=64&uafvl=Not%253AA-Brand%3B99.0.0.0%7CHeadlessChrome%3B145.0.7632.6%7CChromium%3B145.0.7632.6&uamb=0&uam=&uap=Windows&uapv=19.0.0&uaw=0&ec_mode=a&oid=537367808.1786172631&oidsrc=3&ecsid2=491367216.1786172631&_tu=ABA&gcl_ctr=2~0~0~0&data=event%3Dconversion&category=acrcp_v1_512&em=tv.1&emd=tvd.1&ept=5 → 200 (198ms, 3452B)
[2026-08-08T07:03:50.685Z] GET https://trc.taboola.com/2038573/log/3/unip?en=lead&orderid=da79f7ff-6fc1-4854-8598-957868dc813e&tim=1786172630683&vi=1786172630557&ri=f8a25d1d4be1cfd1090958e05b92597a&sd=v2_8fc4dd2432903bc2393a518d8d615a3e_a245b0a6-4066-4b93-9fb0-a132d90084ab-tuct11705a34_1786172596_1786172630_CNawjgYQrbZ8GJ3MvYH-MyACKAEwdziKxgtA9pEQSJPv1wNQ24QZWABgAGjl2LSbkpiiwKwBcAGAAQCIAQCQAQA&ui=a245b0a6-4066-4b93-9fb0-a132d90084ab-tuct11705a34&ref=null&cv=20260803-5-RELEASE&item-url=https%3A%2F%2Fwww.cheongimun.com%2Fl%2Fsaju%2Fresult-v6%2Fda79f7ff-6fc1-4854-8598-957868dc813e&tos=33576&ssd=2&scd=0&it=JS_PIXEL&psb=true → 204 (47ms, ?B)
[2026-08-08T07:03:50.685Z] GET https://www.googleadservices.com/ccm/conversion/17872050043/?random=1786172630666&cv=11&fst=1786172630666&fmt=3&bg=ffffff&guid=ON&async=1&en=conversion&gtm=45be6852z89237176845za20gzb9237176845zd9237176845xea&gcd=13l3l3l3l1l1&dma=0&tag_exp=115938465~115938469~118897920~118897930~119367803~119367811~119527019~119896803&u_w=420&u_h=900&url=https%3A%2F%2Fwww.cheongimun.com%2Fl%2Fsaju%2Fresult-v6%2Fda79f7ff-6fc1-4854-8598-957868dc813e&rcb=5&label=ubnwCOHZj50cEPuuh8pC&capi=1&frm=0&tiba=%EC%B2%9C%EA%B8%B0%EB%AC%B8%20%E5%A4%A9%E6%A9%9F%E9%96%80%20-%20%EC%82%AC%EC%A3%BC%ED%8C%94%EC%9E%90%20%ED%92%80%EC%9D%B4&bttype=purchase&value=0&hn=www.googleadservices.com&npa=0&pscdl=noapi&auid=163263190.1786172596&uaa=x86&uab=64&uafvl=Not%253AA-Brand%3B99.0.0.0%7CHeadlessChrome%3B145.0.7632.6%7CChromium%3B145.0.7632.6&uamb=0&uam=&uap=Windows&uapv=19.0.0&uaw=0&ec_mode=a&oid=1360427004.1786172631&oidsrc=3&ecsid2=491367216.1786172631&_tu=CBA&gcl_ctr=1~0~0~0&em=tv.1&emd=tvd.1 → 200 (185ms, 35B)
[2026-08-08T07:03:50.685Z] GET https://www.googleadservices.com/ccm/conversion/17872050043/?random=1786172630679&cv=11&fst=1786172630679&fmt=3&bg=ffffff&guid=ON&async=1&en=conversion&gtm=45be6852za20gzb9237176845zd9237176845xec&gcd=13l3l3l3l1l1&dma=0&tag_exp=115938465~115938469~118897920~118897930~119367803~119367811~119527019~119896803&u_w=420&u_h=900&url=https%3A%2F%2Fwww.cheongimun.com%2Fl%2Fsaju%2Fresult-v6%2Fda79f7ff-6fc1-4854-8598-957868dc813e&rcb=5&label=ubnwCOHZj50cEPuuh8pC&capi=1&gtm_ee=1&frm=0&tiba=%EC%B2%9C%EA%B8%B0%EB%AC%B8%20%E5%A4%A9%E6%A9%9F%E9%96%80%20-%20%EC%82%AC%EC%A3%BC%ED%8C%94%EC%9E%90%20%ED%92%80%EC%9D%B4&value=0&currency_code=KRW&hn=www.googleadservices.com&npa=0&pscdl=noapi&auid=163263190.1786172596&uaa=x86&uab=64&uafvl=Not%253AA-Brand%3B99.0.0.0%7CHeadlessChrome%3B145.0.7632.6%7CChromium%3B145.0.7632.6&uamb=0&uam=&uap=Windows&uapv=19.0.0&uaw=0&ec_mode=a&oid=537367808.1786172631&oidsrc=3&ecsid2=491367216.1786172631&_tu=ABA&gcl_ctr=2~0~0~0&data=event%3Dconversion&em=tv.1&emd=tvd.1 → 200 (186ms, 35B)
[2026-08-08T07:03:50.685Z] GET https://bc.ad.daum.net/bc?d=%7B%22track_id%22%3A%223741533729815874327%22%2C%22event_code%22%3A%22CompleteRegistration%22%2C%22params%22%3A%7B%7D%2C%22props%22%3A%7B%22lmt%22%3A%22N%22%7D%2C%22site%22%3A%7B%22identifier%22%3A%22www.cheongimun.com%22%7D%2C%22sdk%22%3A%7B%22type%22%3A%22WEB%22%2C%22version%22%3A%221.7.0%22%2C%22tpc%22%3A%22Y%22%7D%2C%22page%22%3A%7B%22url%22%3A%22https%3A%2F%2Fwww.cheongimun.com%2Fl%2Fsaju%2Fresult-v6%2Fda79f7ff-6fc1-4854-8598-957868dc813e%22%2C%22is_frame_env%22%3Afalse%7D%2C%22device%22%3A%7B%22dnt%22%3A%22N%22%2C%22device_type%22%3A%22pc%22%2C%22is_mobile%22%3A%22N%22%2C%22browser%22%3A%22HeadlessChrome%22%2C%22browser_version%22%3A%22145.0.7632.6%22%2C%22os%22%3A%22Windows%22%2C%22os_version%22%3A%2219.0.0%22%7D%7D → 204 (14ms, ?B)
[2026-08-08T07:03:50.756Z] POST https://analytics.tiktok.com/api/v2/pixel/act → 200 (226ms, ?B)
[2026-08-08T07:03:50.759Z] POST https://analytics.tiktok.com/api/v2/pixel → 200 (19ms, ?B)
[2026-08-08T07:03:50.884Z] POST https://googleads.g.doubleclick.net/pagead/viewthroughconversion/17872050043/?random=1108077575&cv=11&fst=1786172630679&fmt=8&bg=ffffff&guid=ON&async=1&en=conversion&gtm=45be6852za20gzb9237176845zd9237176845xec&gcd=13l3l3l3l1l1&dma=0&tag_exp=115938465~115938469~118897920~118897930~119367803~119367811~119527019~119896803&u_w=420&u_h=900&url=https%3A%2F%2Fwww.cheongimun.com%2Fl%2Fsaju%2Fresult-v6%2Fda79f7ff-6fc1-4854-8598-957868dc813e&rcb=5&label=ubnwCOHZj50cEPuuh8pC&capi=1&gtm_ee=1&frm=0&tiba=%EC%B2%9C%EA%B8%B0%EB%AC%B8%20%E5%A4%A9%E6%A9%9F%E9%96%80%20-%20%EC%82%AC%EC%A3%BC%ED%8C%94%EC%9E%90%20%ED%92%80%EC%9D%B4&value=0&currency_code=KRW&hn=www.googleadservices.com&npa=0&pscdl=noapi&auid=163263190.1786172596&uaa=x86&uab=64&uafvl=Not%253AA-Brand%3B99.0.0.0%7CHeadlessChrome%3B145.0.7632.6%7CChromium%3B145.0.7632.6&uamb=0&uam=&uap=Windows&uapv=19.0.0&uaw=0&ec_mode=a&oidsrc=3&ecsid2=491367216.1786172631&_tu=ABA&gcl_ctr=2~0~0~0&data=event%3Dconversion&category=acrcp_v1_512&em=tv.1&emd=tvd.1&ept=5&ct_cookie_present=false&eoid=CkMKEAjwp9vTBhDC-uTM0d-yxxQSLwC-2hG0Ut46vixgjS9sOcXzSvxzCnjxWN22HyY9fdTJskJtcec26mApDtFZyBE78P8HAQ&crd=CLTesQII8t-xAgit4bECCK_hsQIIobixAgixwbECCLDBsQIIscOxAgiKxbECCMLJsQII1-ixAgi0xrECCJPasQII29yxAgiH27ECCNPFsQII68yxAgjtzrECCNXPsQII9NqxAgjJ47ECCJfUsQIIyduxAgjN5rECCLHhsQIIs-GxAgim3bECCLDesQIIgNuxAkoHdHJpZ2dlcloDCgEBYgMKAQM&cerd=Cgjs370tpqe-LQ&fsk=ChEI8Kfb0wYQ4Z67qta-6MTVARIsAAeRytLjqEzmo1gHY5c_cVIT4KEihtiC15z-za1x_2K8sPt7tgqwNtBS80IaAoMR&pscrd=IhMIr5-2ybuQlgMVwXjDBh1RMjzFOhtodHRwczovL3d3dy5jaGVvbmdpbXVuLmNvbS9CV0NoRUk4S2ZiMHdZUXFzS25vcjJFeE5qR0FSSXNBUDhQMy1yQnNBM3NJdHkycTJGVWM3THV4VGZuM3V2LWNEd0hzSTl6WWFKSjFiR1lRRmszMWRVZ2s3MHoMCAliCAgAEAAYACAA → 302 (324ms, ?B)
[2026-08-08T07:03:50.885Z] POST https://googleads.g.doubleclick.net/pagead/viewthroughconversion/17872050043/?random=1347288003&cv=11&fst=1786172630666&fmt=8&bg=ffffff&guid=ON&async=1&en=conversion&gtm=45be6852z89237176845za20gzb9237176845zd9237176845xea&gcd=13l3l3l3l1l1&dma=0&tag_exp=115938465~115938469~118897920~118897930~119367803~119367811~119527019~119896803&u_w=420&u_h=900&url=https%3A%2F%2Fwww.cheongimun.com%2Fl%2Fsaju%2Fresult-v6%2Fda79f7ff-6fc1-4854-8598-957868dc813e&rcb=5&label=ubnwCOHZj50cEPuuh8pC&capi=1&frm=0&tiba=%EC%B2%9C%EA%B8%B0%EB%AC%B8%20%E5%A4%A9%E6%A9%9F%E9%96%80%20-%20%EC%82%AC%EC%A3%BC%ED%8C%94%EC%9E%90%20%ED%92%80%EC%9D%B4&value=0&hn=www.googleadservices.com&npa=0&pscdl=noapi&auid=163263190.1786172596&uaa=x86&uab=64&uafvl=Not%253AA-Brand%3B99.0.0.0%7CHeadlessChrome%3B145.0.7632.6%7CChromium%3B145.0.7632.6&uamb=0&uam=&uap=Windows&uapv=19.0.0&uaw=0&ec_mode=a&oidsrc=3&ecsid2=491367216.1786172631&_tu=CBA&gcl_ctr=1~0~0~0&category=acrcp_v1_512&em=tv.1&emd=tvd.1&ept=5&ct_cookie_present=false&eoid=CkQKEAjwp9vTBhDC-uTM0d-yxxQSMAC-2hG0OurN6Lmk6FGIgQu6wKjwAOdZ9OB8eLUw3P9qvX7TowLrNPqbg7srtF0yZvD_BwE&crd=CLTesQII8t-xAgit4bECCK_hsQIIobixAgixwbECCLDBsQIIscOxAgiKxbECCMLJsQII1-ixAgi0xrECCJPasQII29yxAgiH27ECCNPFsQII68yxAgjtzrECCNXPsQII9NqxAgjJ47ECCJfUsQIIyduxAgjN5rECCLHhsQIIs-GxAgim3bECCLDesQIIgNuxAgjN4bECSgd0cmlnZ2VyWgMKAQFiAwoBAw&cerd=Cgzs370tpqe-Lf-vvi0&eitems=ChEI8Kfb0wYQv_r568jJnYnKARIdANHft5yDmOIvkJ1GzqDHcMIp4ZusKa6I8xoPgrY&fsk=ChEI8Kfb0wYQ4Z67qta-6MTVARIsAAeRytK1le0_LwiKkbf2dCmBvN7D7SmPJr4V_U9Ep5PmLsguxckEWCx3CWEaAkUm&pscrd=IhMI1aK2ybuQlgMVGHnDBh0-SC19OhtodHRwczovL3d3dy5jaGVvbmdpbXVuLmNvbS9CV0NoRUk4S2ZiMHdZUXFzS25vcjJFeE5qR0FSSXNBUDhQMy1ydEpQRHNYU2JsdTA1SVNXT0ZBY3NsOHRka0FSaWV4REQ2M1NJRWJtbk9uT19MRmxQYjFBSXoMCAliCAgAEAAYACAA → 302 (325ms, ?B)
[2026-08-08T07:03:51.208Z] GET https://www.google.com/pagead/1p-conversion/17872050043/?random=1108077575&cv=11&fst=1786172630679&fmt=8&bg=ffffff&guid=ON&async=1&en=conversion&gtm=45be6852za20gzb9237176845zd9237176845xec&gcd=13l3l3l3l1l1&dma=0&tag_exp=115938465~115938469~118897920~118897930~119367803~119367811~119527019~119896803&u_w=420&u_h=900&url=https%3A%2F%2Fwww.cheongimun.com%2Fl%2Fsaju%2Fresult-v6%2Fda79f7ff-6fc1-4854-8598-957868dc813e&rcb=5&label=ubnwCOHZj50cEPuuh8pC&capi=1&gtm_ee=1&frm=0&tiba=%EC%B2%9C%EA%B8%B0%EB%AC%B8%20%E5%A4%A9%E6%A9%9F%E9%96%80%20-%20%EC%82%AC%EC%A3%BC%ED%8C%94%EC%9E%90%20%ED%92%80%EC%9D%B4&value=0&currency_code=KRW&hn=www.googleadservices.com&npa=0&pscdl=noapi&auid=163263190.1786172596&uaa=x86&uab=64&uafvl=Not%253AA-Brand%3B99.0.0.0%7CHeadlessChrome%3B145.0.7632.6%7CChromium%3B145.0.7632.6&uamb=0&uam=&uap=Windows&uapv=19.0.0&uaw=0&ec_mode=a&oidsrc=3&ecsid2=491367216.1786172631&_tu=ABA&gcl_ctr=2~0~0~0&data=event%3Dconversion&category=acrcp_v1_512&em=tv.1&emd=tvd.1&ept=5&ct_cookie_present=false&eoid=CkMKEAjwp9vTBhDC-uTM0d-yxxQSLwC-2hG0Ut46vixgjS9sOcXzSvxzCnjxWN22HyY9fdTJskJtcec26mApDtFZyBE78P8HAQ&crd=CLTesQII8t-xAgit4bECCK_hsQIIobixAgixwbECCLDBsQIIscOxAgiKxbECCMLJsQII1-ixAgi0xrECCJPasQII29yxAgiH27ECCNPFsQII68yxAgjtzrECCNXPsQII9NqxAgjJ47ECCJfUsQIIyduxAgjN5rECCLHhsQIIs-GxAgim3bECCLDesQIIgNuxAkoHdHJpZ2dlcloDCgEBYgMKAQM&cerd=Cgjs370tpqe-LQ&fsk=ChEI8Kfb0wYQ4Z67qta-6MTVARIsAAeRytLjqEzmo1gHY5c_cVIT4KEihtiC15z-za1x_2K8sPt7tgqwNtBS80IaAoMR&pscrd=IhMIr5-2ybuQlgMVwXjDBh1RMjzFOhtodHRwczovL3d3dy5jaGVvbmdpbXVuLmNvbS9CV0NoRUk4S2ZiMHdZUXFzS25vcjJFeE5qR0FSSXNBUDhQMy1yQnNBM3NJdHkycTJGVWM3THV4VGZuM3V2LWNEd0hzSTl6WWFKSjFiR1lRRmszMWRVZ2s3MHoMCAliCAgAEAAYACAA&is_vtc=1&cid=CAQS4gEAEQoqgSJBTOGC54x774Lg1EXVOOu6JP28M0hbHUNsCsZg3sey0Xke3EmYK07iXY4VTA5mMlfFdZSA-oeN_EIv7uVqs5pQKG-1MUZyxftoUrXnvX_HSKsA90rziOfPnKvs3NPrWh66nNmv-2IHuIdmIRxc-bvNTVsP_3Ua_kgTxrNI3kqYaezsXqGs7vVjl1ZkeHEbYIwoXor2AGYRaYTQDPlQjEH6-XgFenECr_zfJKK3N5JNGP-irRKaTvzgS-mv8wXQnTugr8RR2MBIHuY3J_ewfyi384U-sd_tTUpObNqB&random=2381619999 → 302 (?ms, ?B)
[2026-08-08T07:03:51.209Z] GET https://www.google.co.kr/pagead/1p-conversion/17872050043/?random=1108077575&cv=11&fst=1786172630679&fmt=8&bg=ffffff&guid=ON&async=1&en=conversion&gtm=45be6852za20gzb9237176845zd9237176845xec&gcd=13l3l3l3l1l1&dma=0&tag_exp=115938465~115938469~118897920~118897930~119367803~119367811~119527019~119896803&u_w=420&u_h=900&url=https%3A%2F%2Fwww.cheongimun.com%2Fl%2Fsaju%2Fresult-v6%2Fda79f7ff-6fc1-4854-8598-957868dc813e&rcb=5&label=ubnwCOHZj50cEPuuh8pC&capi=1&gtm_ee=1&frm=0&tiba=%EC%B2%9C%EA%B8%B0%EB%AC%B8%20%E5%A4%A9%E6%A9%9F%E9%96%80%20-%20%EC%82%AC%EC%A3%BC%ED%8C%94%EC%9E%90%20%ED%92%80%EC%9D%B4&value=0&currency_code=KRW&hn=www.googleadservices.com&npa=0&pscdl=noapi&auid=163263190.1786172596&uaa=x86&uab=64&uafvl=Not%253AA-Brand%3B99.0.0.0%7CHeadlessChrome%3B145.0.7632.6%7CChromium%3B145.0.7632.6&uamb=0&uam=&uap=Windows&uapv=19.0.0&uaw=0&ec_mode=a&oidsrc=3&ecsid2=491367216.1786172631&_tu=ABA&gcl_ctr=2~0~0~0&data=event%3Dconversion&category=acrcp_v1_512&em=tv.1&emd=tvd.1&ept=5&ct_cookie_present=false&eoid=CkMKEAjwp9vTBhDC-uTM0d-yxxQSLwC-2hG0Ut46vixgjS9sOcXzSvxzCnjxWN22HyY9fdTJskJtcec26mApDtFZyBE78P8HAQ&crd=CLTesQII8t-xAgit4bECCK_hsQIIobixAgixwbECCLDBsQIIscOxAgiKxbECCMLJsQII1-ixAgi0xrECCJPasQII29yxAgiH27ECCNPFsQII68yxAgjtzrECCNXPsQII9NqxAgjJ47ECCJfUsQIIyduxAgjN5rECCLHhsQIIs-GxAgim3bECCLDesQIIgNuxAkoHdHJpZ2dlcloDCgEBYgMKAQM&cerd=Cgjs370tpqe-LQ&fsk=ChEI8Kfb0wYQ4Z67qta-6MTVARIsAAeRytLjqEzmo1gHY5c_cVIT4KEihtiC15z-za1x_2K8sPt7tgqwNtBS80IaAoMR&is_vtc=1&cid=CAQS4gEAEQoqgSJBTOGC54x774Lg1EXVOOu6JP28M0hbHUNsCsZg3sey0Xke3EmYK07iXY4VTA5mMlfFdZSA-oeN_EIv7uVqs5pQKG-1MUZyxftoUrXnvX_HSKsA90rziOfPnKvs3NPrWh66nNmv-2IHuIdmIRxc-bvNTVsP_3Ua_kgTxrNI3kqYaezsXqGs7vVjl1ZkeHEbYIwoXor2AGYRaYTQDPlQjEH6-XgFenECr_zfJKK3N5JNGP-irRKaTvzgS-mv8wXQnTugr8RR2MBIHuY3J_ewfyi384U-sd_tTUpObNqB&random=2381619999&ipr=y&pscrd=IhMIr5-2ybuQlgMVwXjDBh1RMjzFOhtodHRwczovL3d3dy5jaGVvbmdpbXVuLmNvbS9CV0NoRUk4S2ZiMHdZUXFzS25vcjJFeE5qR0FSSXNBUDhQMy1yQnNBM3NJdHkycTJGVWM3THV4VGZuM3V2LWNEd0hzSTl6WWFKSjFiR1lRRmszMWRVZ2s3MHoMCAliCAgAEAAYACAAggEJcAGIAQHiAQEC → 200 (?ms, ?B)
[2026-08-08T07:03:51.211Z] GET https://www.google.com/pagead/1p-conversion/17872050043/?random=1347288003&cv=11&fst=1786172630666&fmt=8&bg=ffffff&guid=ON&async=1&en=conversion&gtm=45be6852z89237176845za20gzb9237176845zd9237176845xea&gcd=13l3l3l3l1l1&dma=0&tag_exp=115938465~115938469~118897920~118897930~119367803~119367811~119527019~119896803&u_w=420&u_h=900&url=https%3A%2F%2Fwww.cheongimun.com%2Fl%2Fsaju%2Fresult-v6%2Fda79f7ff-6fc1-4854-8598-957868dc813e&rcb=5&label=ubnwCOHZj50cEPuuh8pC&capi=1&frm=0&tiba=%EC%B2%9C%EA%B8%B0%EB%AC%B8%20%E5%A4%A9%E6%A9%9F%E9%96%80%20-%20%EC%82%AC%EC%A3%BC%ED%8C%94%EC%9E%90%20%ED%92%80%EC%9D%B4&value=0&hn=www.googleadservices.com&npa=0&pscdl=noapi&auid=163263190.1786172596&uaa=x86&uab=64&uafvl=Not%253AA-Brand%3B99.0.0.0%7CHeadlessChrome%3B145.0.7632.6%7CChromium%3B145.0.7632.6&uamb=0&uam=&uap=Windows&uapv=19.0.0&uaw=0&ec_mode=a&oidsrc=3&ecsid2=491367216.1786172631&_tu=CBA&gcl_ctr=1~0~0~0&category=acrcp_v1_512&em=tv.1&emd=tvd.1&ept=5&ct_cookie_present=false&eoid=CkQKEAjwp9vTBhDC-uTM0d-yxxQSMAC-2hG0OurN6Lmk6FGIgQu6wKjwAOdZ9OB8eLUw3P9qvX7TowLrNPqbg7srtF0yZvD_BwE&crd=CLTesQII8t-xAgit4bECCK_hsQIIobixAgixwbECCLDBsQIIscOxAgiKxbECCMLJsQII1-ixAgi0xrECCJPasQII29yxAgiH27ECCNPFsQII68yxAgjtzrECCNXPsQII9NqxAgjJ47ECCJfUsQIIyduxAgjN5rECCLHhsQIIs-GxAgim3bECCLDesQIIgNuxAgjN4bECSgd0cmlnZ2VyWgMKAQFiAwoBAw&cerd=Cgzs370tpqe-Lf-vvi0&fsk=ChEI8Kfb0wYQ4Z67qta-6MTVARIsAAeRytK1le0_LwiKkbf2dCmBvN7D7SmPJr4V_U9Ep5PmLsguxckEWCx3CWEaAkUm&pscrd=IhMI1aK2ybuQlgMVGHnDBh0-SC19OhtodHRwczovL3d3dy5jaGVvbmdpbXVuLmNvbS9CV0NoRUk4S2ZiMHdZUXFzS25vcjJFeE5qR0FSSXNBUDhQMy1ydEpQRHNYU2JsdTA1SVNXT0ZBY3NsOHRka0FSaWV4REQ2M1NJRWJtbk9uT19MRmxQYjFBSXoMCAliCAgAEAAYACAA&is_vtc=1&cid=CAQS4gEAEQoqgY2OJxYEahm__q3_MMxUlNE9NgKd5vZ8iU4TLJUIYy_w_vtrEEm--iO98cMHljLz2IVpAStWWY7pJ13pDV8zhnVIi9Vl36t181qoDgn6vEoMGQ8F7ADjSnNiJxoKVh7hONmKcZvDdZg3IgenFzS-v6EoK6GgObyB5YQjiDCRXOr6HR5Hf-FDBaYOU1Kc2h1EEzKpzJ0JBB-mxTn_YgfL6EAmMjhwTrADPuJbasuoPey_d_I6GD4EfsZYPszZiEZUydtP9aF4PR25rx5REyD6Y71oD0wNLZnErhaVddEH&eitems=ChEI8Kfb0wYQv_r568jJnYnKARIdANHft5wEcBUxqOnKJXRB6pmJMTh1JL4EPF1y8vM&random=1149899882 → 302 (?ms, ?B)
[2026-08-08T07:03:51.212Z] GET https://www.google.co.kr/pagead/1p-conversion/17872050043/?random=1347288003&cv=11&fst=1786172630666&fmt=8&bg=ffffff&guid=ON&async=1&en=conversion&gtm=45be6852z89237176845za20gzb9237176845zd9237176845xea&gcd=13l3l3l3l1l1&dma=0&tag_exp=115938465~115938469~118897920~118897930~119367803~119367811~119527019~119896803&u_w=420&u_h=900&url=https%3A%2F%2Fwww.cheongimun.com%2Fl%2Fsaju%2Fresult-v6%2Fda79f7ff-6fc1-4854-8598-957868dc813e&rcb=5&label=ubnwCOHZj50cEPuuh8pC&capi=1&frm=0&tiba=%EC%B2%9C%EA%B8%B0%EB%AC%B8%20%E5%A4%A9%E6%A9%9F%E9%96%80%20-%20%EC%82%AC%EC%A3%BC%ED%8C%94%EC%9E%90%20%ED%92%80%EC%9D%B4&value=0&hn=www.googleadservices.com&npa=0&pscdl=noapi&auid=163263190.1786172596&uaa=x86&uab=64&uafvl=Not%253AA-Brand%3B99.0.0.0%7CHeadlessChrome%3B145.0.7632.6%7CChromium%3B145.0.7632.6&uamb=0&uam=&uap=Windows&uapv=19.0.0&uaw=0&ec_mode=a&oidsrc=3&ecsid2=491367216.1786172631&_tu=CBA&gcl_ctr=1~0~0~0&category=acrcp_v1_512&em=tv.1&emd=tvd.1&ept=5&ct_cookie_present=false&eoid=CkQKEAjwp9vTBhDC-uTM0d-yxxQSMAC-2hG0OurN6Lmk6FGIgQu6wKjwAOdZ9OB8eLUw3P9qvX7TowLrNPqbg7srtF0yZvD_BwE&crd=CLTesQII8t-xAgit4bECCK_hsQIIobixAgixwbECCLDBsQIIscOxAgiKxbECCMLJsQII1-ixAgi0xrECCJPasQII29yxAgiH27ECCNPFsQII68yxAgjtzrECCNXPsQII9NqxAgjJ47ECCJfUsQIIyduxAgjN5rECCLHhsQIIs-GxAgim3bECCLDesQIIgNuxAgjN4bECSgd0cmlnZ2VyWgMKAQFiAwoBAw&cerd=Cgzs370tpqe-Lf-vvi0&fsk=ChEI8Kfb0wYQ4Z67qta-6MTVARIsAAeRytK1le0_LwiKkbf2dCmBvN7D7SmPJr4V_U9Ep5PmLsguxckEWCx3CWEaAkUm&is_vtc=1&cid=CAQS4gEAEQoqgY2OJxYEahm__q3_MMxUlNE9NgKd5vZ8iU4TLJUIYy_w_vtrEEm--iO98cMHljLz2IVpAStWWY7pJ13pDV8zhnVIi9Vl36t181qoDgn6vEoMGQ8F7ADjSnNiJxoKVh7hONmKcZvDdZg3IgenFzS-v6EoK6GgObyB5YQjiDCRXOr6HR5Hf-FDBaYOU1Kc2h1EEzKpzJ0JBB-mxTn_YgfL6EAmMjhwTrADPuJbasuoPey_d_I6GD4EfsZYPszZiEZUydtP9aF4PR25rx5REyD6Y71oD0wNLZnErhaVddEH&eitems=ChEI8Kfb0wYQv_r568jJnYnKARIdANHft5wEcBUxqOnKJXRB6pmJMTh1JL4EPF1y8vM&random=1149899882&ipr=y&pscrd=IhMI1aK2ybuQlgMVGHnDBh0-SC19OhtodHRwczovL3d3dy5jaGVvbmdpbXVuLmNvbS9CV0NoRUk4S2ZiMHdZUXFzS25vcjJFeE5qR0FSSXNBUDhQMy1ydEpQRHNYU2JsdTA1SVNXT0ZBY3NsOHRka0FSaWV4REQ2M1NJRWJtbk9uT19MRmxQYjFBSXoMCAliCAgAEAAYACAAggEJcAGIAQHiAQEC → 200 (?ms, ?B)
[2026-08-08T07:03:51.355Z] GET https://api.cheongimun.com/api/v1/products/code/PREMIUM_SAJU_V4/price → 200 (51ms, 100B)
[2026-08-08T07:03:52.054Z] GET https://scripts.clarity.ms/0.8.69/clarity.js → 200 (76ms, 74499B)
[2026-08-08T07:03:52.054Z] GET https://c.clarity.ms/c.gif → 302 (72ms, ?B)
[2026-08-08T07:03:52.127Z] GET https://c.bing.com/c.gif?ctsa=mr&CtsSyncId=CD4F75D906574FBA9037906281089988&RedC=c.clarity.ms&MXFR=1A886F5B719269E618A778F475926721 → 302 (71ms, ?B)
[2026-08-08T07:03:52.198Z] GET https://c.clarity.ms/c.gif?ctsa=mr&CtsSyncId=CD4F75D906574FBA9037906281089988&MUID=39F7D4A115E3670B31C7C30E1494668D → 200 (21ms, 42B)
[2026-08-08T07:03:52.247Z] POST https://i.clarity.ms/collect → pending (?ms, ?B)
[2026-08-08T07:03:53.388Z] POST https://i.clarity.ms/collect → pending (?ms, ?B)
[2026-08-08T07:03:54.811Z] POST https://analytics.google.com/g/collect?v=2&tid=G-WZ4V7PKR2H&gtm=45je6852v9237179954z89237176845za20gzb9237176845zd9237176845&_p=1786172629750&gcd=13l3l3l3l1l1&npa=0&dma=0&_eu=AAAAACQC&are=1&cid=888359168.1786172597&frm=0&ibt=1&ngs=1&pscdl=noapi&rcb=3&sr=420x900&uaa=x86&uab=64&uafvl=Not%253AA-Brand%3B99.0.0.0%7CHeadlessChrome%3B145.0.7632.6%7CChromium%3B145.0.7632.6&uam=&uamb=0&uap=Windows&uapv=19.0.0&uaw=0&ul=ko&tag_exp=115938465~115938469~118897920~118897930~119527020~119896802&sid=1786172596&sct=1&seg=0&dl=https%3A%2F%2Fwww.cheongimun.com%2Fl%2Fsaju%2Fresult-v6%2Fda79f7ff-6fc1-4854-8598-957868dc813e&dt=%EC%B2%9C%EA%B8%B0%EB%AC%B8%20%E5%A4%A9%E6%A9%9F%E9%96%80%20-%20%EC%82%AC%EC%A3%BC%ED%8C%94%EC%9E%90%20%ED%92%80%EC%9D%B4&_s=1&tfd=5612 → 204 (128ms, ?B)
[2026-08-08T07:03:55.390Z] POST https://i.clarity.ms/collect → 204 (195ms, ?B)
[2026-08-08T07:03:58.854Z] POST https://i.clarity.ms/collect → 204 (198ms, ?B)
[2026-08-08T07:04:00.620Z] GET https://trc-events.taboola.com/2038573/log/3/unip?en=pre_d_eng_tb&tos=43513&scd=0&ssd=2&est=1786172595987&ver=36&isls=true&src=i&invt=10000&msa=15249&rv=1&tim=1786172640620&vi=1786172630557&ri=f8a25d1d4be1cfd1090958e05b92597a&sd=v2_8fc4dd2432903bc2393a518d8d615a3e_a245b0a6-4066-4b93-9fb0-a132d90084ab-tuct11705a34_1786172596_1786172630_CNawjgYQrbZ8GJ3MvYH-MyACKAEwdziKxgtA9pEQSJPv1wNQ24QZWABgAGjl2LSbkpiiwKwBcAGAAQCIAQCQAQA&ui=a245b0a6-4066-4b93-9fb0-a132d90084ab-tuct11705a34&ref=null&cv=20260803-5-RELEASE&item-url=https%3A%2F%2Fwww.cheongimun.com%2Fl%2Fsaju%2Fresult-v6%2Fda79f7ff-6fc1-4854-8598-957868dc813e&it=JS_PIXEL → pending (?ms, ?B)
[2026-08-08T07:04:02.868Z] POST https://i.clarity.ms/collect → 204 (198ms, ?B)
[2026-08-08T07:04:10.630Z] GET https://trc-events.taboola.com/2038573/log/3/unip?en=pre_d_eng_tb&tos=53521&scd=0&ssd=2&est=1786172595987&ver=36&isls=true&src=i&invt=10000&msa=15249&rv=1&tim=1786172650628&vi=1786172630557&ri=f8a25d1d4be1cfd1090958e05b92597a&sd=v2_8fc4dd2432903bc2393a518d8d615a3e_a245b0a6-4066-4b93-9fb0-a132d90084ab-tuct11705a34_1786172596_1786172630_CNawjgYQrbZ8GJ3MvYH-MyACKAEwdziKxgtA9pEQSJPv1wNQ24QZWABgAGjl2LSbkpiiwKwBcAGAAQCIAQCQAQA&ui=a245b0a6-4066-4b93-9fb0-a132d90084ab-tuct11705a34&ref=null&cv=20260803-5-RELEASE&item-url=https%3A%2F%2Fwww.cheongimun.com%2Fl%2Fsaju%2Fresult-v6%2Fda79f7ff-6fc1-4854-8598-957868dc813e&it=JS_PIXEL → pending (?ms, ?B)
[2026-08-08T07:04:20.637Z] GET https://trc-events.taboola.com/2038573/log/3/unip?en=pre_d_eng_tb&tos=63529&scd=0&ssd=2&est=1786172595987&ver=36&isls=true&src=i&invt=10000&msa=15249&rv=1&tim=1786172660635&vi=1786172630557&ri=f8a25d1d4be1cfd1090958e05b92597a&sd=v2_8fc4dd2432903bc2393a518d8d615a3e_a245b0a6-4066-4b93-9fb0-a132d90084ab-tuct11705a34_1786172596_1786172630_CNawjgYQrbZ8GJ3MvYH-MyACKAEwdziKxgtA9pEQSJPv1wNQ24QZWABgAGjl2LSbkpiiwKwBcAGAAQCIAQCQAQA&ui=a245b0a6-4066-4b93-9fb0-a132d90084ab-tuct11705a34&ref=null&cv=20260803-5-RELEASE&item-url=https%3A%2F%2Fwww.cheongimun.com%2Fl%2Fsaju%2Fresult-v6%2Fda79f7ff-6fc1-4854-8598-957868dc813e&it=JS_PIXEL → pending (?ms, ?B)
[2026-08-08T07:04:30.641Z] GET https://trc-events.taboola.com/2038573/log/3/unip?en=pre_d_eng_tb&tos=73532&scd=0&ssd=2&est=1786172595987&ver=36&isls=true&src=i&invt=10000&msa=15249&rv=1&tim=1786172670639&vi=1786172630557&ri=f8a25d1d4be1cfd1090958e05b92597a&sd=v2_8fc4dd2432903bc2393a518d8d615a3e_a245b0a6-4066-4b93-9fb0-a132d90084ab-tuct11705a34_1786172596_1786172630_CNawjgYQrbZ8GJ3MvYH-MyACKAEwdziKxgtA9pEQSJPv1wNQ24QZWABgAGjl2LSbkpiiwKwBcAGAAQCIAQCQAQA&ui=a245b0a6-4066-4b93-9fb0-a132d90084ab-tuct11705a34&ref=null&cv=20260803-5-RELEASE&item-url=https%3A%2F%2Fwww.cheongimun.com%2Fl%2Fsaju%2Fresult-v6%2Fda79f7ff-6fc1-4854-8598-957868dc813e&it=JS_PIXEL → pending (?ms, ?B)
[2026-08-08T07:04:39.439Z] GET https://grandma-saju.com/share/1a41ba20-83e1-49ed-b17a-f47d880c4497?chapter=4 → 200 (151ms, 325420B)
[2026-08-08T07:04:39.595Z] GET https://grandma-saju.com/_next/static/chunks/4ba400484166aa42.css?dpl=dpl_GMoCazouvHbeMNmEoNM1GCxnQhvT → 200 (19ms, 385694B)
[2026-08-08T07:04:39.595Z] GET https://grandma-saju.com/_next/static/chunks/f93b19794135ba49.js?dpl=dpl_GMoCazouvHbeMNmEoNM1GCxnQhvT → 200 (19ms, 24109B)
[2026-08-08T07:04:39.595Z] GET https://grandma-saju.com/_next/static/chunks/a560e66c3f687499.js?dpl=dpl_GMoCazouvHbeMNmEoNM1GCxnQhvT → 200 (169ms, 30341B)
[2026-08-08T07:04:39.596Z] GET https://grandma-saju.com/_next/static/chunks/b056a15eec95302c.js?dpl=dpl_GMoCazouvHbeMNmEoNM1GCxnQhvT → 200 (192ms, 202087B)
[2026-08-08T07:04:39.596Z] GET https://grandma-saju.com/_next/static/chunks/1ea72d1be604ca55.js?dpl=dpl_GMoCazouvHbeMNmEoNM1GCxnQhvT → 200 (173ms, 111139B)
[2026-08-08T07:04:39.596Z] GET https://grandma-saju.com/_next/static/chunks/4a0898171cb5614f.js?dpl=dpl_GMoCazouvHbeMNmEoNM1GCxnQhvT → 200 (193ms, 32927B)
[2026-08-08T07:04:39.596Z] GET https://grandma-saju.com/_next/static/chunks/turbopack-a6023a739452e010.js?dpl=dpl_GMoCazouvHbeMNmEoNM1GCxnQhvT → 200 (172ms, 10726B)
[2026-08-08T07:04:39.596Z] GET https://grandma-saju.com/_next/static/chunks/d96012bcfc98706a.js?dpl=dpl_GMoCazouvHbeMNmEoNM1GCxnQhvT → 200 (221ms, ?B)
[2026-08-08T07:04:39.596Z] GET https://grandma-saju.com/_next/static/chunks/963c71eec1d89c3f.js?dpl=dpl_GMoCazouvHbeMNmEoNM1GCxnQhvT → 200 (194ms, 30808B)
[2026-08-08T07:04:39.596Z] GET https://grandma-saju.com/_next/static/chunks/763901ae41a4f18e.js?dpl=dpl_GMoCazouvHbeMNmEoNM1GCxnQhvT → 200 (184ms, 31827B)
[2026-08-08T07:04:39.596Z] GET https://grandma-saju.com/_next/static/chunks/2c7655521a815681.js?dpl=dpl_GMoCazouvHbeMNmEoNM1GCxnQhvT → 200 (179ms, 30098B)
[2026-08-08T07:04:39.596Z] GET https://grandma-saju.com/_next/static/chunks/0feaf07577e06f4c.js?dpl=dpl_GMoCazouvHbeMNmEoNM1GCxnQhvT → 200 (216ms, ?B)
[2026-08-08T07:04:39.596Z] GET https://grandma-saju.com/_next/static/chunks/9241e274a3ff1375.js?dpl=dpl_GMoCazouvHbeMNmEoNM1GCxnQhvT → 200 (183ms, 183511B)
[2026-08-08T07:04:39.596Z] GET https://grandma-saju.com/_next/static/chunks/74504272b77d5341.js?dpl=dpl_GMoCazouvHbeMNmEoNM1GCxnQhvT → 200 (184ms, 26084B)
[2026-08-08T07:04:39.596Z] GET https://grandma-saju.com/_next/static/chunks/e4d38b0e1fbe7a75.js?dpl=dpl_GMoCazouvHbeMNmEoNM1GCxnQhvT → 200 (193ms, 23466B)
[2026-08-08T07:04:39.596Z] GET https://grandma-saju.com/_next/static/chunks/a5f9936608fdffa6.js?dpl=dpl_GMoCazouvHbeMNmEoNM1GCxnQhvT → 200 (184ms, 30269B)
[2026-08-08T07:04:39.596Z] GET https://grandma-saju.com/_next/static/chunks/9ebe6fd918a21d73.js?dpl=dpl_GMoCazouvHbeMNmEoNM1GCxnQhvT → 200 (186ms, 48053B)
[2026-08-08T07:04:39.596Z] GET https://grandma-saju.com/_next/static/chunks/b268dd84383ddd88.js?dpl=dpl_GMoCazouvHbeMNmEoNM1GCxnQhvT → 200 (184ms, 22538B)
[2026-08-08T07:04:39.596Z] GET https://grandma-saju.com/_next/static/chunks/6ff7fd3b479dc361.js?dpl=dpl_GMoCazouvHbeMNmEoNM1GCxnQhvT → 200 (194ms, 222397B)
[2026-08-08T07:04:39.596Z] GET https://grandma-saju.com/_next/static/chunks/85651478152c7a12.js?dpl=dpl_GMoCazouvHbeMNmEoNM1GCxnQhvT → 200 (182ms, 33078B)
[2026-08-08T07:04:39.596Z] GET https://grandma-saju.com/_next/static/chunks/75fd8c44d0a7b852.js?dpl=dpl_GMoCazouvHbeMNmEoNM1GCxnQhvT → 200 (183ms, 116898B)
[2026-08-08T07:04:39.596Z] GET https://cdn.jsdelivr.net/gh/orioncactus/pretendard@v1.3.9/dist/web/variable/pretendardvariable-dynamic-subset.min.css → 200 (23ms, 53513B)
[2026-08-08T07:04:39.596Z] GET https://fonts.googleapis.com/css2?family=Black+Han+Sans&family=Gowun+Batang:wght@400;700&family=Noto+Serif+KR:wght@400;700&display=swap → 200 (90ms, 362731B)
[2026-08-08T07:04:39.596Z] GET https://www.googletagmanager.com/gtm.js?id=GTM-PWC2DNX4 → 200 (167ms, 435633B)
[2026-08-08T07:04:39.596Z] GET https://doseungji.vercel.app/w.js?v=20260720 → 200 (52ms, 9591B)
[2026-08-08T07:04:39.596Z] GET https://karrot-pixel.business.daangn.com/karrot-pixel.js → 200 (46ms, 21734B)
[2026-08-08T07:04:39.596Z] GET https://t1.daumcdn.net/kas/static/kp.js → 200 (3ms, 89128B)
[2026-08-08T07:04:39.597Z] GET https://wcs.naver.net/wcslog.js → 200 (49ms, 25403B)
[2026-08-08T07:04:39.597Z] GET https://t1.kakaocdn.net/kakao_js_sdk/2.7.2/kakao.min.js → 200 (41ms, 83925B)
[2026-08-08T07:04:39.762Z] GET https://cdn.jsdelivr.net/gh/orioncactus/pretendard@v1.3.9/packages/pretendard/dist/web/variable/woff2-dynamic-subset/PretendardVariable.subset.89.woff2 → 200 (49ms, ?B)
[2026-08-08T07:04:39.763Z] GET https://cdn.jsdelivr.net/gh/orioncactus/pretendard@v1.3.9/packages/pretendard/dist/web/variable/woff2-dynamic-subset/PretendardVariable.subset.91.woff2 → 200 (49ms, ?B)
[2026-08-08T07:04:39.763Z] GET https://cdn.jsdelivr.net/gh/orioncactus/pretendard@v1.3.9/packages/pretendard/dist/web/variable/woff2-dynamic-subset/PretendardVariable.subset.90.woff2 → 200 (49ms, ?B)
[2026-08-08T07:04:39.763Z] GET https://cdn.jsdelivr.net/gh/orioncactus/pretendard@v1.3.9/packages/pretendard/dist/web/variable/woff2-dynamic-subset/PretendardVariable.subset.88.woff2 → 200 (49ms, ?B)
[2026-08-08T07:04:39.763Z] GET https://cdn.jsdelivr.net/gh/orioncactus/pretendard@v1.3.9/packages/pretendard/dist/web/variable/woff2-dynamic-subset/PretendardVariable.subset.87.woff2 → 200 (48ms, ?B)
[2026-08-08T07:04:39.763Z] GET https://cdn.jsdelivr.net/gh/orioncactus/pretendard@v1.3.9/packages/pretendard/dist/web/variable/woff2-dynamic-subset/PretendardVariable.subset.86.woff2 → 200 (49ms, ?B)
[2026-08-08T07:04:39.870Z] GET https://connect.facebook.net/en_US/fbevents.js → 200 (19ms, 407669B)
[2026-08-08T07:04:39.871Z] GET https://analytics.tiktok.com/i18n/pixel/events.js?sdkid=D6TJTLRC77U78F8U0LG0&lib=ttq → 200 (291ms, 8940B)
[2026-08-08T07:04:39.877Z] POST https://doseungji.vercel.app/api/ingest → 200 (916ms, ?B)
[2026-08-08T07:04:39.884Z] GET https://ssl.pstatic.net/melona/libs/gfp-nac-module/synchronizer.js → 200 (72ms, 45816B)
[2026-08-08T07:04:39.902Z] GET https://www.googletagmanager.com/gtag/js?id=G-D74J5ZTZ20&cx=c&gtm=4e6860h2 → 200 (259ms, 579972B)
[2026-08-08T07:04:39.902Z] GET https://www.googletagmanager.com/gtag/js?id=GT-NSKZVZQK&cx=c&gtm=4e6860h2 → 200 (260ms, 564193B)
[2026-08-08T07:04:39.902Z] POST https://www.google.com/ccm/collect?rcb=19&frm=0&apvc=1&ae=g&auid=1198931244.1786172680&dt=%EC%A1%B0%EC%84%A0%EC%9D%98%20%EC%9A%95%EC%9F%81%EC%9D%B4%20%ED%95%A0%EB%A8%B8%EB%8B%88%20%EC%82%AC%EC%A3%BC%20%7C%20%ED%95%A0%EB%A7%88%EC%B9%B4%EC%84%B8%20%7C%20%ED%95%A0%EB%A7%88%EC%B9%B4%EC%84%B8&en=page_view&dl=https%3A%2F%2Fgrandma-saju.com%2Fshare%2F1a41ba20-83e1-49ed-b17a-f47d880c4497%3Fchapter%3D4&scrsrc=www.googletagmanager.com&rnd=1709819084.1786172680&navt=n&npa=0&ep.ads_data_redaction=0&gtm=45He6860h2v9241810630za200zd9241810630xea&gcd=13l3l3l3l1l1&dma=0&tag_exp=115616985~115938466~115938468~118131809~118395333~118897920~118897930~119337769~119527020~119896803&tft=1786172679901&tfd=463&fmt=8 → 200 (260ms, ?B)
[2026-08-08T07:04:39.902Z] POST https://ad.doubleclick.net/ccm/s/collect?auid=1198931244.1786172680&gtm=45He6860h2v9241810630za200zd9241810630xea&fmt=8 → 204 (100ms, ?B)
[2026-08-08T07:04:39.907Z] GET https://grandma-saju.com/api/share?id=1a41ba20-83e1-49ed-b17a-f47d880c4497&_=1786172679906 → 200 (95ms, 17963B)
[2026-08-08T07:04:39.940Z] GET https://connect.facebook.net/signals/config/1227617255487937?v=2.9.373&r=stable&domain=grandma-saju.com&hme=6d1ed5deee7eafc01c53d9e9fc3c4e10db50c3d28237bc4932686777e5c3969a&ex_m=111%2C215%2C163%2C23%2C76%2C77%2C154%2C72%2C71%2C11%2C172%2C96%2C17%2C146%2C134%2C41%2C79%2C84%2C142%2C168%2C174%2C27%2C15%2C28%2C29%2C30%2C32%2C50%2C155%2C81%2C119%2C19%2C21%2C46%2C42%2C44%2C43%2C89%2C98%2C102%2C117%2C153%2C156%2C48%2C118%2C25%2C22%2C126%2C73%2C38%2C158%2C157%2C159%2C150%2C148%2C26%2C37%2C61%2C116%2C170%2C74%2C18%2C161%2C121%2C87%2C70%2C20%2C91%2C92%2C123%2C90%2C144%2C143%2C147%2C103%2C169%2C36%2C51%2C120%2C49%2C8%2C4%2C5%2C7%2C6%2C3%2C97%2C108%2C175%2C182%2C229%2C78%2C242%2C241%2C240%2C24%2C35%2C57%2C110%2C63%2C10%2C67%2C104%2C105%2C106%2C112%2C137%2C33%2C31%2C139%2C140%2C141%2C136%2C135%2C164%2C80%2C167%2C165%2C166%2C52%2C62%2C130%2C16%2C171%2C47%2C286%2C287%2C285%2C300%2C318%2C222%2C211%2C64%2C212%2C210%2C321%2C312%2C54%2C223%2C114%2C138%2C86%2C128%2C56%2C127%2C133%2C132%2C60%2C68%2C66%2C160%2C82%2C83%2C122%2C39%2C34%2C55%2C58%2C107%2C173%2C1%2C131%2C14%2C129%2C12%2C2%2C59%2C99%2C69%2C65%2C125%2C95%2C94%2C176%2C177%2C100%2C101%2C9%2C109%2C53%2C151%2C93%2C85%2C75%2C124%2C113%2C45%2C152%2C0%2C88%2C145%2C149%2C162%2C40%2C115%2C13%2C178 → 200 (38ms, 421142B)
[2026-08-08T07:04:39.941Z] POST https://collect.daangn.com/p/c?id=1770622817649286001&uid=km%7Cgrandma-saju.com%7C1786172679877%7Cbbf1a3b0-5eb9-472f-a73d-3012f3630b65&et=ViewPage&rl=&l=https%3A%2F%2Fgrandma-saju.com%2Fshare%2F1a41ba20-83e1-49ed-b17a-f47d880c4497%3Fchapter%3D4&ts=1786172679940&pl=%7B%7D&md=%7B%22sw%22%3A420%2C%22sh%22%3A900%2C%22ec%22%3A0%2C%22it%22%3A1786172679877%2C%22v%22%3A%220.7.1%22%7D → 200 (207ms, ?B)
[2026-08-08T07:04:39.941Z] GET https://karrot-dsp-conversion-event.daangn.com/configs/1770622817649286001.json → 200 (58ms, 57B)
[2026-08-08T07:04:39.944Z] GET https://t1.kakaocdn.net/kas/static/third-party/cookie/ct2.html → 200 (1ms, 843B)
[2026-08-08T07:04:39.949Z] GET https://bc.ad.daum.net/bc?d=%7B%22track_id%22%3A%223461964891594310795%22%2C%22event_code%22%3A%22PageView%22%2C%22params%22%3A%7B%7D%2C%22props%22%3A%7B%22lmt%22%3A%22N%22%7D%2C%22site%22%3A%7B%22identifier%22%3A%22grandma-saju.com%22%7D%2C%22sdk%22%3A%7B%22type%22%3A%22WEB%22%2C%22version%22%3A%221.7.0%22%2C%22tpc%22%3A%22Y%22%7D%2C%22page%22%3A%7B%22url%22%3A%22https%3A%2F%2Fgrandma-saju.com%2Fshare%2F1a41ba20-83e1-49ed-b17a-f47d880c4497%3Fchapter%3D4%22%2C%22is_frame_env%22%3Afalse%7D%2C%22device%22%3A%7B%22dnt%22%3A%22N%22%2C%22device_type%22%3A%22pc%22%2C%22is_mobile%22%3A%22N%22%2C%22browser%22%3A%22HeadlessChrome%22%2C%22browser_version%22%3A%22145.0.7632.6%22%2C%22os%22%3A%22Windows%22%2C%22os_version%22%3A%2219.0.0%22%7D%7D → 204 (15ms, ?B)
[2026-08-08T07:04:39.961Z] GET https://nam.veta.naver.com/nac/2 → 200 (59ms, 24B)
[2026-08-08T07:04:40.003Z] POST https://doseungji.vercel.app/api/ingest → 200 (685ms, ?B)
[2026-08-08T07:04:40.019Z] GET https://grandma-saju.com/preview_ch4.png → 200 (128ms, 42235B)
[2026-08-08T07:04:40.019Z] GET https://grandma-saju.com/preview_ch8.png → 200 (129ms, 324768B)
[2026-08-08T07:04:40.146Z] GET https://cdn.jsdelivr.net/gh/orioncactus/pretendard@v1.3.9/packages/pretendard/dist/web/variable/woff2-dynamic-subset/PretendardVariable.subset.82.woff2 → 200 (28ms, 26500B)
[2026-08-08T07:04:40.146Z] GET https://cdn.jsdelivr.net/gh/orioncactus/pretendard@v1.3.9/packages/pretendard/dist/web/variable/woff2-dynamic-subset/PretendardVariable.subset.77.woff2 → 200 (28ms, 26044B)
[2026-08-08T07:04:40.146Z] GET https://cdn.jsdelivr.net/gh/orioncactus/pretendard@v1.3.9/packages/pretendard/dist/web/variable/woff2-dynamic-subset/PretendardVariable.subset.85.woff2 → 200 (33ms, 25104B)
[2026-08-08T07:04:40.146Z] GET https://cdn.jsdelivr.net/gh/orioncactus/pretendard@v1.3.9/packages/pretendard/dist/web/variable/woff2-dynamic-subset/PretendardVariable.subset.81.woff2 → 200 (52ms, 26300B)
[2026-08-08T07:04:40.147Z] GET https://cdn.jsdelivr.net/gh/orioncactus/pretendard@v1.3.9/packages/pretendard/dist/web/variable/woff2-dynamic-subset/PretendardVariable.subset.80.woff2 → 200 (32ms, 28796B)
[2026-08-08T07:04:40.147Z] GET https://cdn.jsdelivr.net/gh/orioncactus/pretendard@v1.3.9/packages/pretendard/dist/web/variable/woff2-dynamic-subset/PretendardVariable.subset.79.woff2 → 200 (52ms, 26224B)
[2026-08-08T07:04:40.147Z] GET https://cdn.jsdelivr.net/gh/orioncactus/pretendard@v1.3.9/packages/pretendard/dist/web/variable/woff2-dynamic-subset/PretendardVariable.subset.17.woff2 → 200 (54ms, 34940B)
[2026-08-08T07:04:40.147Z] GET https://cdn.jsdelivr.net/gh/orioncactus/pretendard@v1.3.9/packages/pretendard/dist/web/variable/woff2-dynamic-subset/PretendardVariable.subset.75.woff2 → 200 (54ms, 19996B)
[2026-08-08T07:04:40.147Z] GET https://cdn.jsdelivr.net/gh/orioncactus/pretendard@v1.3.9/packages/pretendard/dist/web/variable/woff2-dynamic-subset/PretendardVariable.subset.84.woff2 → 200 (54ms, 24492B)
[2026-08-08T07:04:40.147Z] GET https://cdn.jsdelivr.net/gh/orioncactus/pretendard@v1.3.9/packages/pretendard/dist/web/variable/woff2-dynamic-subset/PretendardVariable.subset.83.woff2 → 200 (55ms, 26964B)
[2026-08-08T07:04:40.147Z] GET https://cdn.jsdelivr.net/gh/orioncactus/pretendard@v1.3.9/packages/pretendard/dist/web/variable/woff2-dynamic-subset/PretendardVariable.subset.76.woff2 → 200 (55ms, 24924B)
[2026-08-08T07:04:40.147Z] GET https://cdn.jsdelivr.net/gh/orioncactus/pretendard@v1.3.9/packages/pretendard/dist/web/variable/woff2-dynamic-subset/PretendardVariable.subset.71.woff2 → 200 (56ms, 28324B)
[2026-08-08T07:04:40.147Z] GET https://grandma-saju.com/_next/image?url=%2Fgrandma_hero.jpg&w=32&q=75&dpl=dpl_GMoCazouvHbeMNmEoNM1GCxnQhvT → 200 (26ms, 502B)
[2026-08-08T07:04:40.159Z] POST https://doseungji.vercel.app/api/ingest → 200 (387ms, ?B)
[2026-08-08T07:04:40.159Z] POST https://grandma-saju.com/api/capi-event → 200 (126ms, 16B)
[2026-08-08T07:04:40.161Z] GET https://js.tosspayments.com/v1/payment-widget → 200 (73ms, 916798B)
[2026-08-08T07:04:40.163Z] GET https://grandma-saju.com/?_rsc=1ogrg → 200 (71ms, 817B)
[2026-08-08T07:04:40.226Z] POST https://wcs.naver.com/b → 204 (59ms, ?B)
[2026-08-08T07:04:40.229Z] POST https://grandma-saju.com/api/capi-event → 200 (?ms, 16B)
[2026-08-08T07:04:40.238Z] GET https://grandma-saju.com/?_rsc=tokhh → 200 (47ms, 3522B)
[2026-08-08T07:04:40.238Z] GET https://grandma-saju.com/?_rsc=1hqt8 → 200 (50ms, 1676B)
[2026-08-08T07:04:40.238Z] GET https://grandma-saju.com/?_rsc=1ve1y → 200 (48ms, 471781B)
[2026-08-08T07:04:40.238Z] GET https://grandma-saju.com/?_rsc=f15sm → 200 (166ms, 1588B)
[2026-08-08T07:04:40.284Z] POST https://www.google.com/ccm/collect?rcb=12&frm=0&apvc=0&auid=1198931244.1786172680&dt=%EC%A1%B0%EC%84%A0%EC%9D%98%20%EC%9A%95%EC%9F%81%EC%9D%B4%20%ED%95%A0%EB%A8%B8%EB%8B%88%20%EC%82%AC%EC%A3%BC%20%7C%20%ED%95%A0%EB%A7%88%EC%B9%B4%EC%84%B8%20%7C%20%ED%95%A0%EB%A7%88%EC%B9%B4%EC%84%B8&tid=AW-835873764&en=page_view&dl=https%3A%2F%2Fgrandma-saju.com%2Fshare%2F1a41ba20-83e1-49ed-b17a-f47d880c4497%3Fchapter%3D4&scrsrc=www.googletagmanager.com&rnd=1709819084.1786172680&navt=n&npa=0&gtm=45je6860h2v9243268347z89241810630za20gzb9241810630zd9241810630xec&gcd=13l3l3l3l1l1&dma=0&tag_exp=115616986~115938466~115938469~118131809~118897920~118897930~119367803~119367811~119527020~119896802&tft=1786172680282&tfd=844&tids=AW-835873764&fmt=8 → 200 (119ms, ?B)
[2026-08-08T07:04:40.336Z] POST https://analytics.google.com/g/collect?v=2&tid=G-D74J5ZTZ20&gtm=45Pe6860h2v9243267017z89241810630za20gzb9241810630zd9241810630&_p=1786172679867&_gaz=1&gcd=13l3l3l3l1l1&npa=0&dma=0&_eu=AAAAACAC&are=1&cid=1014093689.1786172680&frm=0&ibt=1&ngs=1&pscdl=noapi&rcb=14&sr=420x900&uaa=x86&uab=64&uafvl=Not%253AA-Brand%3B99.0.0.0%7CHeadlessChrome%3B145.0.7632.6%7CChromium%3B145.0.7632.6&uam=&uamb=0&uap=Windows&uapv=19.0.0&uaw=0&ul=ko&_s=1&tag_exp=115616985~115938466~115938469~118897920~118897930~119367802~119367810~119527019~119896803&sid=1786172680&sct=1&seg=0&dl=https%3A%2F%2Fgrandma-saju.com%2Fshare%2F1a41ba20-83e1-49ed-b17a-f47d880c4497%3Fchapter%3D4&dt=%EC%A1%B0%EC%84%A0%EC%9D%98%20%EC%9A%95%EC%9F%81%EC%9D%B4%20%ED%95%A0%EB%A8%B8%EB%8B%88%20%EC%82%AC%EC%A3%BC%20%7C%20%ED%95%A0%EB%A7%88%EC%B9%B4%EC%84%B8%20%7C%20%ED%95%A0%EB%A7%88%EC%B9%B4%EC%84%B8&en=page_view&_fv=1&_nsi=1&_ss=1&tfd=868 → 204 (136ms, ?B)
[2026-08-08T07:04:40.336Z] POST https://stats.g.doubleclick.net/g/collect?v=2&ngs=1&ibt=1&tid=G-D74J5ZTZ20&cid=1014093689.1786172680&gtm=45Pe6860h2v9243267017z89241810630za20gzb9241810630zd9241810630&rcb=14&aip=1&dma=0&gcd=13l3l3l3l1l1&npa=0&frm=0&tag_exp=115616985~115938466~115938469~118897920~118897930~119367802~119367810~119527019~119896803 → 204 (80ms, ?B)
[2026-08-08T07:04:40.336Z] GET https://www.google.co.kr/ads/ga-audiences?v=1&t=sr&slf_rd=1&_r=4&ngs=1&ibt=1&tid=G-D74J5ZTZ20&cid=1014093689.1786172680&gtm=45Pe6860h2v9243267017z89241810630za20gzb9241810630zd9241810630&rcb=14&aip=1&dma=0&gcd=13l3l3l3l1l1&npa=0&frm=0&tag_exp=115616985~115938466~115938469~118897920~118897930~119367802~119367810~119527019~119896803&z=992246595 → 200 (117ms, 42B)
[2026-08-08T07:04:40.352Z] GET https://analytics.tiktok.com/i18n/pixel/static/main.MWQwZTMxZTQ3MQ.js → 200 (52ms, 495594B)
[2026-08-08T07:04:40.400Z] POST https://event.tosspayments.com/api/v1/logs → 200 (68ms, 4B)
[2026-08-08T07:04:40.401Z] POST https://log.tosspayments.com/v1/log → 200 (60ms, ?B)
[2026-08-08T07:04:40.401Z] POST https://event.tosspayments.com/api/v1/monitor/web-vitals → 200 (67ms, 4B)
[2026-08-08T07:04:40.401Z] POST https://event.tosspayments.com/api/v1/monitor/web-vitals → 200 (60ms, 4B)
[2026-08-08T07:04:40.401Z] POST https://event.tosspayments.com/api/v1/monitor/web-vitals → 200 (60ms, 4B)
[2026-08-08T07:04:40.401Z] POST https://event.tosspayments.com/api/v1/monitor/web-vitals → 200 (60ms, 4B)
[2026-08-08T07:04:40.401Z] POST https://event.tosspayments.com/api/v1/logs → 200 (62ms, 4B)
[2026-08-08T07:04:40.401Z] POST https://log.tosspayments.com/v1/log → 200 (60ms, ?B)
[2026-08-08T07:04:40.401Z] POST https://event.tosspayments.com/api/v1/logs → 200 (62ms, 4B)
[2026-08-08T07:04:40.401Z] POST https://log.tosspayments.com/v1/log → 200 (60ms, ?B)
[2026-08-08T07:04:40.401Z] POST https://log.tosspayments.com/v1/log → 200 (56ms, ?B)
[2026-08-08T07:04:40.401Z] GET https://api.tosspayments.com/v1/payment-widget/widget-groups/keys?variantKey=DEFAULT → 200 (98ms, 276B)
[2026-08-08T07:04:40.401Z] POST https://log.tosspayments.com/v1/log → 200 (55ms, ?B)
[2026-08-08T07:04:40.401Z] POST https://log.tosspayments.com/v1/log → 200 (55ms, ?B)
[2026-08-08T07:04:40.402Z] POST https://log.tosspayments.com/v1/log → 200 (54ms, ?B)
[2026-08-08T07:04:40.402Z] POST https://log.tosspayments.com/v1/log → 200 (54ms, ?B)
[2026-08-08T07:04:40.402Z] POST https://event.tosspayments.com/api/v1/logs → 200 (60ms, 4B)
[2026-08-08T07:04:40.402Z] POST https://log.tosspayments.com/v1/log → 200 (54ms, ?B)
[2026-08-08T07:04:40.402Z] POST https://log.tosspayments.com/v1/log → 200 (54ms, ?B)
[2026-08-08T07:04:40.402Z] GET https://payment-widget.tosspayments.com/v2/entry/agreement → 200 (45ms, 35254B)
[2026-08-08T07:04:40.402Z] POST https://log.tosspayments.com/v1/log → 200 (54ms, ?B)
[2026-08-08T07:04:40.402Z] POST https://log.tosspayments.com/v1/log → 200 (53ms, ?B)
[2026-08-08T07:04:40.402Z] POST https://log.tosspayments.com/v1/log → 200 (53ms, ?B)
[2026-08-08T07:04:40.406Z] GET https://grandma-saju.com/_next/static/chunks/04df5cd6e77b2abf.js?dpl=dpl_GMoCazouvHbeMNmEoNM1GCxnQhvT → 200 (49ms, 43184B)
[2026-08-08T07:04:40.452Z] GET https://analytics.tiktok.com/i18n/pixel/static/identify_ea043f1c.js → 200 (5ms, 155676B)
[2026-08-08T07:04:40.452Z] POST https://analytics-ipv6.tiktokw.us/ipv6/enrich_ipv6 → 200 (229ms, ?B)
[2026-08-08T07:04:40.452Z] POST https://analytics.tiktok.com/api/v2/pixel → 200 (248ms, ?B)
[2026-08-08T07:04:40.452Z] POST https://analytics.tiktok.com/api/v2/pixel → 200 (246ms, ?B)
[2026-08-08T07:04:40.453Z] POST https://analytics.tiktok.com/api/v2/pixel → 200 (240ms, ?B)
[2026-08-08T07:04:40.460Z] GET https://static.toss.im/tps/main-swap.css?v=20260410 → 200 (46ms, 99067B)
[2026-08-08T07:04:40.460Z] GET https://static.toss.im/tossface-font/tossface.css → 200 (50ms, 14102B)
[2026-08-08T07:04:40.460Z] GET https://polyfill-fe.toss.im/index.js → 200 (51ms, 18B)
[2026-08-08T07:04:40.460Z] GET https://payment-widget.tosspayments.com/payment-widget/ee8b2a4696bddc1d87ac621b6aec5d1779177091/_next/static/css/a9519a42eb948a77.css → 200 (12ms, 294279B)
[2026-08-08T07:04:40.460Z] GET https://payment-widget.tosspayments.com/payment-widget/ee8b2a4696bddc1d87ac621b6aec5d1779177091/_next/static/chunks/webpack-994abb253bd82928.js → 200 (62ms, 3545B)
[2026-08-08T07:04:40.460Z] GET https://payment-widget.tosspayments.com/payment-widget/ee8b2a4696bddc1d87ac621b6aec5d1779177091/_next/static/chunks/framework-6080337cf9f60710.js → 200 (66ms, 139890B)
[2026-08-08T07:04:40.460Z] GET https://payment-widget.tosspayments.com/payment-widget/ee8b2a4696bddc1d87ac621b6aec5d1779177091/_next/static/chunks/main-635368cde99359b9.js → 200 (71ms, 148174B)
[2026-08-08T07:04:40.460Z] GET https://payment-widget.tosspayments.com/payment-widget/ee8b2a4696bddc1d87ac621b6aec5d1779177091/_next/static/chunks/pages/_app-fae1b7193df78303.js → 200 (88ms, 516097B)
[2026-08-08T07:04:40.460Z] GET https://payment-widget.tosspayments.com/payment-widget/ee8b2a4696bddc1d87ac621b6aec5d1779177091/_next/static/chunks/7970a1e3-2b526a911154cfd6.js → 200 (109ms, 8119B)
[2026-08-08T07:04:40.460Z] GET https://payment-widget.tosspayments.com/payment-widget/ee8b2a4696bddc1d87ac621b6aec5d1779177091/_next/static/chunks/b2a9489e-c55139a33edc4bc2.js → 200 (86ms, 51371B)
[2026-08-08T07:04:40.460Z] GET https://payment-widget.tosspayments.com/payment-widget/ee8b2a4696bddc1d87ac621b6aec5d1779177091/_next/static/chunks/5cea9b0e-d9c5142cfe232331.js → 200 (110ms, 62146B)
[2026-08-08T07:04:40.460Z] GET https://payment-widget.tosspayments.com/payment-widget/ee8b2a4696bddc1d87ac621b6aec5d1779177091/_next/static/chunks/958-f53d7914278a6377.js → 200 (110ms, 123341B)
[2026-08-08T07:04:40.461Z] GET https://payment-widget.tosspayments.com/payment-widget/ee8b2a4696bddc1d87ac621b6aec5d1779177091/_next/static/chunks/979-475a13958a7c7c6c.js → 200 (109ms, 68138B)
[2026-08-08T07:04:40.461Z] GET https://payment-widget.tosspayments.com/payment-widget/ee8b2a4696bddc1d87ac621b6aec5d1779177091/_next/static/chunks/865-d6c1da88a199e4ef.js → 200 (119ms, 850514B)
[2026-08-08T07:04:40.461Z] GET https://payment-widget.tosspayments.com/payment-widget/ee8b2a4696bddc1d87ac621b6aec5d1779177091/_next/static/chunks/560-95497d7d733f2a5a.js → 200 (109ms, 27012B)
[2026-08-08T07:04:40.461Z] GET https://payment-widget.tosspayments.com/payment-widget/ee8b2a4696bddc1d87ac621b6aec5d1779177091/_next/static/chunks/pages/v2/entry/agreement-e450adfe7d3bc6e7.js → 200 (118ms, 13452B)
[2026-08-08T07:04:40.461Z] GET https://payment-widget.tosspayments.com/payment-widget/ee8b2a4696bddc1d87ac621b6aec5d1779177091/_next/static/0mtKSMEb1o764rMXam3zI/_buildManifest.js → 200 (119ms, 2207B)
[2026-08-08T07:04:40.461Z] GET https://payment-widget.tosspayments.com/payment-widget/ee8b2a4696bddc1d87ac621b6aec5d1779177091/_next/static/0mtKSMEb1o764rMXam3zI/_ssgManifest.js → 200 (119ms, 80B)
[2026-08-08T07:04:40.468Z] GET https://static.toss.im/tps/others-swap.css?v=20260410 → 200 (57ms, 298095B)
[2026-08-08T07:04:40.501Z] GET https://api.tosspayments.com/v1/payment-widget/brandpay/config?variantKey=DEFAULT → 200 (138ms, 96B)
[2026-08-08T07:04:40.639Z] GET https://payment-widget.tosspayments.com/v2/entry/payment-methods → 200 (15ms, 35936B)
[2026-08-08T07:04:40.672Z] GET https://static.toss.im/tps/main-swap.css?v=20260410 → 200 (?ms, 99067B)
[2026-08-08T07:04:40.673Z] GET https://static.toss.im/tossface-font/tossface.css → 304 (13ms, ?B)
[2026-08-08T07:04:40.673Z] GET https://polyfill-fe.toss.im/index.js → 304 (44ms, ?B)
[2026-08-08T07:04:40.673Z] GET https://payment-widget.tosspayments.com/payment-widget/ee8b2a4696bddc1d87ac621b6aec5d1779177091/_next/static/css/a9519a42eb948a77.css → 304 (13ms, ?B)
[2026-08-08T07:04:40.673Z] GET https://payment-widget.tosspayments.com/payment-widget/ee8b2a4696bddc1d87ac621b6aec5d1779177091/_next/static/css/4f606244958c2df9.css → 200 (13ms, 21B)
[2026-08-08T07:04:40.673Z] GET https://payment-widget.tosspayments.com/payment-widget/ee8b2a4696bddc1d87ac621b6aec5d1779177091/_next/static/chunks/webpack-994abb253bd82928.js → 304 (24ms, ?B)
[2026-08-08T07:04:40.673Z] GET https://payment-widget.tosspayments.com/payment-widget/ee8b2a4696bddc1d87ac621b6aec5d1779177091/_next/static/chunks/framework-6080337cf9f60710.js → 304 (26ms, ?B)
[2026-08-08T07:04:40.673Z] GET https://payment-widget.tosspayments.com/payment-widget/ee8b2a4696bddc1d87ac621b6aec5d1779177091/_next/static/chunks/main-635368cde99359b9.js → 304 (28ms, ?B)
[2026-08-08T07:04:40.673Z] GET https://payment-widget.tosspayments.com/payment-widget/ee8b2a4696bddc1d87ac621b6aec5d1779177091/_next/static/chunks/pages/_app-fae1b7193df78303.js → 304 (32ms, ?B)
[2026-08-08T07:04:40.673Z] GET https://payment-widget.tosspayments.com/payment-widget/ee8b2a4696bddc1d87ac621b6aec5d1779177091/_next/static/chunks/7970a1e3-2b526a911154cfd6.js → 304 (43ms, ?B)
[2026-08-08T07:04:40.673Z] GET https://payment-widget.tosspayments.com/payment-widget/ee8b2a4696bddc1d87ac621b6aec5d1779177091/_next/static/chunks/b2a9489e-c55139a33edc4bc2.js → 304 (43ms, ?B)
[2026-08-08T07:04:40.673Z] GET https://payment-widget.tosspayments.com/payment-widget/ee8b2a4696bddc1d87ac621b6aec5d1779177091/_next/static/chunks/5cea9b0e-d9c5142cfe232331.js → 304 (44ms, ?B)
[2026-08-08T07:04:40.673Z] GET https://payment-widget.tosspayments.com/payment-widget/ee8b2a4696bddc1d87ac621b6aec5d1779177091/_next/static/chunks/958-f53d7914278a6377.js → 304 (44ms, ?B)
[2026-08-08T07:04:40.673Z] GET https://payment-widget.tosspayments.com/payment-widget/ee8b2a4696bddc1d87ac621b6aec5d1779177091/_next/static/chunks/979-475a13958a7c7c6c.js → 304 (45ms, ?B)
[2026-08-08T07:04:40.673Z] GET https://payment-widget.tosspayments.com/payment-widget/ee8b2a4696bddc1d87ac621b6aec5d1779177091/_next/static/chunks/865-d6c1da88a199e4ef.js → 304 (46ms, ?B)
[2026-08-08T07:04:40.673Z] GET https://payment-widget.tosspayments.com/payment-widget/ee8b2a4696bddc1d87ac621b6aec5d1779177091/_next/static/chunks/560-95497d7d733f2a5a.js → 304 (52ms, ?B)
[2026-08-08T07:04:40.673Z] GET https://payment-widget.tosspayments.com/payment-widget/ee8b2a4696bddc1d87ac621b6aec5d1779177091/_next/static/chunks/947-56f45e5da707e2ee.js → 200 (51ms, 92739B)
[2026-08-08T07:04:40.673Z] GET https://payment-widget.tosspayments.com/payment-widget/ee8b2a4696bddc1d87ac621b6aec5d1779177091/_next/static/chunks/171-8d51bf3be5888357.js → 200 (51ms, 8296B)
[2026-08-08T07:04:40.673Z] GET https://payment-widget.tosspayments.com/payment-widget/ee8b2a4696bddc1d87ac621b6aec5d1779177091/_next/static/chunks/38-c1904caf688e027b.js → 200 (51ms, 11206B)
[2026-08-08T07:04:40.673Z] GET https://payment-widget.tosspayments.com/payment-widget/ee8b2a4696bddc1d87ac621b6aec5d1779177091/_next/static/chunks/pages/v2/entry/payment-methods-4ae47200237c457f.js → 200 (51ms, 11239B)
[2026-08-08T07:04:40.673Z] GET https://payment-widget.tosspayments.com/payment-widget/ee8b2a4696bddc1d87ac621b6aec5d1779177091/_next/static/0mtKSMEb1o764rMXam3zI/_buildManifest.js → 304 (64ms, ?B)
[2026-08-08T07:04:40.673Z] GET https://payment-widget.tosspayments.com/payment-widget/ee8b2a4696bddc1d87ac621b6aec5d1779177091/_next/static/0mtKSMEb1o764rMXam3zI/_ssgManifest.js → 304 (64ms, ?B)
[2026-08-08T07:04:40.680Z] GET https://static.toss.im/tps/20260223/regular/119.woff2 → 200 (38ms, 10244B)
[2026-08-08T07:04:40.682Z] GET https://static.toss.im/tps/others-swap.css?v=20260410 → 200 (?ms, 298095B)
[2026-08-08T07:04:40.685Z] POST https://analytics.tiktok.com/api/v2/pixel/act → pending (?ms, ?B)
[2026-08-08T07:04:40.689Z] GET https://polyfill-fe.toss.im/index.js → 304 (1ms, ?B)
[2026-08-08T07:04:40.746Z] GET https://payment-widget.tosspayments.com/payment-widget/ee8b2a4696bddc1d87ac621b6aec5d1779177091/_next/static/css/4f606244958c2df9.css → 200 (14ms, 21B)
[2026-08-08T07:04:40.765Z] GET https://api.tosspayments.com/v1/payment-widget/agreement-widgets?variantKey=AGREEMENT&device=PC → 200 (64ms, 2420B)
[2026-08-08T07:04:40.770Z] GET https://frontend-storage.tosspayments.com/payment-widget/previous-payment-focus-target-widget-keys.json → pending (?ms, ?B)
[2026-08-08T07:04:40.859Z] GET https://static.toss.im/icons/svg/icon-arrow-right-small.svg → 200 (3ms, 404B)
[2026-08-08T07:04:40.859Z] POST https://homepage-api-gateway.tosspayments.com/log/api/v2/logs → 200 (81ms, 15B)
[2026-08-08T07:04:40.860Z] GET https://static.toss.im/tps/20260223/bold/119.woff2 → 200 (13ms, 10284B)
[2026-08-08T07:04:40.860Z] GET https://static.toss.im/tps/20260223/bold/118.woff2 → 200 (14ms, 8528B)
[2026-08-08T07:04:40.860Z] GET https://static.toss.im/tps/20260223/bold/117.woff2 → 200 (15ms, 8912B)
[2026-08-08T07:04:40.860Z] GET https://static.toss.im/tps/20260223/bold/116.woff2 → 200 (19ms, 9744B)
[2026-08-08T07:04:40.860Z] GET https://static.toss.im/tps/20260223/regular/118.woff2 → 200 (15ms, 8416B)
[2026-08-08T07:04:40.860Z] GET https://static.toss.im/tps/20260223/regular/117.woff2 → 200 (32ms, 8572B)
[2026-08-08T07:04:40.860Z] GET https://static.toss.im/tps/20260223/regular/116.woff2 → 200 (16ms, 9624B)
[2026-08-08T07:04:40.860Z] GET https://static.toss.im/icons/svg/icon-arrow-right-small.svg → 200 (1ms, 404B)
[2026-08-08T07:04:40.868Z] GET https://api.tosspayments.com/v1/payment-widget/merchant-info?variantKey=DEFAULT&clientKey=live_gck_vZnjEJeQVxLggYNJz9NbVPmOoBN0 → 200 (43ms, 114B)
[2026-08-08T07:04:40.868Z] GET https://api.tosspayments.com/v3/payment-widget/promotions/NORMAL?variantKey=DEFAULT → 200 (46ms, 22511B)
[2026-08-08T07:04:40.868Z] GET https://api.tosspayments.com/v1/payment-widget/promotions/card-free-installment-banner-promotion?variantKey=DEFAULT&addonType=NORMAL → 200 (51ms, 117B)
[2026-08-08T07:04:40.868Z] GET https://api.tosspayments.com/v1/payment-widget/payment-methods/inspections/in-progress → 200 (38ms, 110B)
[2026-08-08T07:04:40.868Z] GET https://api.tosspayments.com/v1/payment-widget/ui-settings?variantKey=DEFAULT → 200 (80ms, 10211B)
[2026-08-08T07:04:40.950Z] GET https://frontend-storage.tosspayments.com/payment-widget/promotions.json → 200 (30ms, 25B)
[2026-08-08T07:04:41.008Z] GET https://static.toss.im/tps/20260223/semibold/117.woff2 → 200 (37ms, 8592B)
[2026-08-08T07:04:41.008Z] GET https://static.toss.im/tps/20260223/regular/113.woff2 → 200 (37ms, 9676B)
[2026-08-08T07:04:41.008Z] GET https://static.toss.im/tps/20260223/regular/111.woff2 → 200 (38ms, 10236B)
[2026-08-08T07:04:41.008Z] GET https://static.toss.im/tps/20260223/bold/115.woff2 → 200 (40ms, 9936B)
[2026-08-08T07:04:41.008Z] GET https://static.toss.im/tps/20260223/bold/112.woff2 → 200 (40ms, 9528B)
[2026-08-08T07:04:41.008Z] GET https://static.toss.im/tps/20260223/bold/113.woff2 → 200 (40ms, 10036B)
[2026-08-08T07:04:41.008Z] GET https://static.toss.im/tps/20260223/bold/111.woff2 → 200 (41ms, 10516B)
[2026-08-08T07:04:41.008Z] GET https://static.toss.im/tps/20260223/semibold/119.woff2 → 200 (41ms, 10292B)
[2026-08-08T07:04:41.008Z] GET https://static.toss.im/tps/20260223/semibold/116.woff2 → 200 (42ms, 9436B)
[2026-08-08T07:04:41.008Z] GET https://static.toss.im/tps/20260223/regular/115.woff2 → 200 (42ms, 9528B)
[2026-08-08T07:04:41.008Z] GET https://static.toss.im/tps/20260223/regular/112.woff2 → 200 (43ms, 9332B)
[2026-08-08T07:04:41.008Z] GET https://static.toss.im/tps/20260223/bold/114.woff2 → 200 (44ms, 10140B)
[2026-08-08T07:04:41.016Z] GET https://static.toss.im/icons/svg/icon-bank-payments-horizontal-kakaopay.svg → 200 (8ms, 1166B)
[2026-08-08T07:04:41.016Z] GET https://static.toss.im/icons/svg/icon-bank-horizontal-tosspay.svg → 200 (8ms, 1054696B)
[2026-08-08T07:04:41.016Z] GET https://static.toss.im/icons/svg/icon-bank-payments-horizontal-samsung-pay.svg → 200 (37ms, 2609B)
[2026-08-08T07:04:41.016Z] GET https://static.toss.im/icons/svg/icon-bank-payments-horizontal-payco.svg → 200 (45ms, 1642B)
[2026-08-08T07:04:41.016Z] POST https://homepage-api-gateway.tosspayments.com/log/api/v2/logs → 200 (23ms, 15B)
[2026-08-08T07:04:41.016Z] GET https://static.toss.im/icons/svg/icon-ticket-percent.svg → 200 (24ms, 752B)
[2026-08-08T07:04:41.016Z] POST https://log.tosspayments.com/v1/log → 200 (8ms, ?B)
[2026-08-08T07:04:41.017Z] POST https://homepage-api-gateway.tosspayments.com/log/api/v2/logs → 200 (21ms, 15B)
[2026-08-08T07:04:41.017Z] GET https://services.tosspayments.com/unleash/api/frontend?sessionId=a260808u0O3sEsrQhEIiWP5rFOwZB3L0LSxXPYO&appName=nextjs&environment=default&userId=a260808u0O3sEsrQhEIiWP5rFOwZB3L0LSxXPYO&properties%5BwidgetClientKey%5D=live_gck_vZnjEJeQVxLggYNJz9NbVPmOoBN0 → 200 (78ms, 605B)
[2026-08-08T07:04:41.372Z] GET https://grandma-saju.com/_next/image?url=%2Fimages%2Fbig-seal.webp&w=96&q=75&dpl=dpl_GMoCazouvHbeMNmEoNM1GCxnQhvT → 200 (21ms, 2496B)
[2026-08-08T07:04:41.373Z] GET https://grandma-saju.com/ko/big?from=badge&at=share&_rsc=1ogrg → 307 (32ms, ?B)
[2026-08-08T07:04:41.405Z] GET https://grandma-saju.com/big?from=badge&at=share → 200 (38ms, 935B)
[2026-08-08T07:04:41.445Z] GET https://grandma-saju.com/big?from=badge&at=share&_rsc=tokhh → 200 (53ms, 3522B)
[2026-08-08T07:04:41.445Z] GET https://grandma-saju.com/big?from=badge&at=share&_rsc=1uqc3 → 200 (33ms, 582B)
[2026-08-08T07:04:41.445Z] GET https://grandma-saju.com/big?from=badge&at=share&_rsc=1hj2v → 200 (36ms, 1795B)
[2026-08-08T07:04:41.445Z] GET https://grandma-saju.com/ko/big?_rsc=1ogrg → 307 (90ms, ?B)
[2026-08-08T07:04:41.482Z] GET https://grandma-saju.com/_next/static/chunks/303f8b0d1d14c7dc.js?dpl=dpl_GMoCazouvHbeMNmEoNM1GCxnQhvT → 200 (17ms, 35607B)
[2026-08-08T07:04:41.536Z] GET https://grandma-saju.com/big → 200 (39ms, 935B)
[2026-08-08T07:04:42.466Z] POST https://analytics-ipv6.tiktokw.us/ipv6/enrich_ipv6 → 200 (209ms, ?B)
[2026-08-08T07:04:42.466Z] POST https://analytics.tiktok.com/api/v2/pixel → 200 (314ms, ?B)
[2026-08-08T07:04:43.016Z] POST https://services.tosspayments.com/unleash/api/frontend/client/metrics → 200 (48ms, 2B)
[2026-08-08T07:04:43.163Z] POST https://grandma-saju.com/api/update-result → 200 (150ms, 16B)
[2026-08-08T07:04:45.335Z] POST https://analytics.google.com/g/collect?v=2&tid=G-D74J5ZTZ20&gtm=45Pe6860h2v9243267017z89241810630za20gzb9241810630zd9241810630&_p=1786172679867&gcd=13l3l3l3l1l1&npa=0&dma=0&_eu=AAAAACQC&are=1&cid=1014093689.1786172680&frm=0&ibt=1&ngs=1&pscdl=noapi&rcb=14&sr=420x900&uaa=x86&uab=64&uafvl=Not%253AA-Brand%3B99.0.0.0%7CHeadlessChrome%3B145.0.7632.6%7CChromium%3B145.0.7632.6&uam=&uamb=0&uap=Windows&uapv=19.0.0&uaw=0&ul=ko&tag_exp=115616985~115938466~115938469~118897920~118897930~119367802~119367810~119527019~119896803&sid=1786172680&sct=1&seg=0&dl=https%3A%2F%2Fgrandma-saju.com%2Fshare%2F1a41ba20-83e1-49ed-b17a-f47d880c4497%3Fchapter%3D4&dt=%EC%A1%B0%EC%84%A0%EC%9D%98%20%EC%9A%95%EC%9F%81%EC%9D%B4%20%ED%95%A0%EB%A8%B8%EB%8B%88%20%EC%82%AC%EC%A3%BC%20%7C%20%ED%95%A0%EB%A7%88%EC%B9%B4%EC%84%B8%20%7C%20%ED%95%A0%EB%A7%88%EC%B9%B4%EC%84%B8&_s=2&tfd=5896 → 204 (84ms, ?B)
[2026-08-08T07:04:45.402Z] POST https://log.tosspayments.com/v1/log → 200 (29ms, ?B)
[2026-08-08T07:04:50.456Z] POST https://analytics.tiktok.com/api/v2/pixel → 200 (259ms, ?B)
[2026-08-08T07:05:11.101Z] GET https://services.tosspayments.com/unleash/api/frontend?sessionId=a260808u0O3sEsrQhEIiWP5rFOwZB3L0LSxXPYO&appName=nextjs&environment=default&userId=a260808u0O3sEsrQhEIiWP5rFOwZB3L0LSxXPYO&properties%5BwidgetClientKey%5D=live_gck_vZnjEJeQVxLggYNJz9NbVPmOoBN0 → 304 (43ms, ?B)
[2026-08-08T07:05:41.099Z] GET https://services.tosspayments.com/unleash/api/frontend?sessionId=a260808u0O3sEsrQhEIiWP5rFOwZB3L0LSxXPYO&appName=nextjs&environment=default&userId=a260808u0O3sEsrQhEIiWP5rFOwZB3L0LSxXPYO&properties%5BwidgetClientKey%5D=live_gck_vZnjEJeQVxLggYNJz9NbVPmOoBN0 → 304 (45ms, ?B)
[2026-08-08T07:05:50.449Z] POST https://analytics.tiktok.com/api/v2/pixel/inter → 200 (234ms, ?B)
[2026-08-08T07:06:11.098Z] GET https://services.tosspayments.com/unleash/api/frontend?sessionId=a260808u0O3sEsrQhEIiWP5rFOwZB3L0LSxXPYO&appName=nextjs&environment=default&userId=a260808u0O3sEsrQhEIiWP5rFOwZB3L0LSxXPYO&properties%5BwidgetClientKey%5D=live_gck_vZnjEJeQVxLggYNJz9NbVPmOoBN0 → 304 (43ms, ?B)
[2026-08-08T07:06:41.097Z] GET https://services.tosspayments.com/unleash/api/frontend?sessionId=a260808u0O3sEsrQhEIiWP5rFOwZB3L0LSxXPYO&appName=nextjs&environment=default&userId=a260808u0O3sEsrQhEIiWP5rFOwZB3L0LSxXPYO&properties%5BwidgetClientKey%5D=live_gck_vZnjEJeQVxLggYNJz9NbVPmOoBN0 → 304 (48ms, ?B)
[2026-08-08T07:07:11.103Z] GET https://services.tosspayments.com/unleash/api/frontend?sessionId=a260808u0O3sEsrQhEIiWP5rFOwZB3L0LSxXPYO&appName=nextjs&environment=default&userId=a260808u0O3sEsrQhEIiWP5rFOwZB3L0LSxXPYO&properties%5BwidgetClientKey%5D=live_gck_vZnjEJeQVxLggYNJz9NbVPmOoBN0 → 304 (43ms, ?B)
[2026-08-08T07:07:41.102Z] GET https://services.tosspayments.com/unleash/api/frontend?sessionId=a260808u0O3sEsrQhEIiWP5rFOwZB3L0LSxXPYO&appName=nextjs&environment=default&userId=a260808u0O3sEsrQhEIiWP5rFOwZB3L0LSxXPYO&properties%5BwidgetClientKey%5D=live_gck_vZnjEJeQVxLggYNJz9NbVPmOoBN0 → 304 (45ms, ?B)
[2026-08-08T07:08:11.107Z] GET https://services.tosspayments.com/unleash/api/frontend?sessionId=a260808u0O3sEsrQhEIiWP5rFOwZB3L0LSxXPYO&appName=nextjs&environment=default&userId=a260808u0O3sEsrQhEIiWP5rFOwZB3L0LSxXPYO&properties%5BwidgetClientKey%5D=live_gck_vZnjEJeQVxLggYNJz9NbVPmOoBN0 → 304 (43ms, ?B)
[2026-08-08T07:08:41.108Z] GET https://services.tosspayments.com/unleash/api/frontend?sessionId=a260808u0O3sEsrQhEIiWP5rFOwZB3L0LSxXPYO&appName=nextjs&environment=default&userId=a260808u0O3sEsrQhEIiWP5rFOwZB3L0LSxXPYO&properties%5BwidgetClientKey%5D=live_gck_vZnjEJeQVxLggYNJz9NbVPmOoBN0 → 304 (45ms, ?B)
[2026-08-08T07:09:11.109Z] GET https://services.tosspayments.com/unleash/api/frontend?sessionId=a260808u0O3sEsrQhEIiWP5rFOwZB3L0LSxXPYO&appName=nextjs&environment=default&userId=a260808u0O3sEsrQhEIiWP5rFOwZB3L0LSxXPYO&properties%5BwidgetClientKey%5D=live_gck_vZnjEJeQVxLggYNJz9NbVPmOoBN0 → 304 (45ms, ?B)
[2026-08-08T07:09:41.099Z] GET https://services.tosspayments.com/unleash/api/frontend?sessionId=a260808u0O3sEsrQhEIiWP5rFOwZB3L0LSxXPYO&appName=nextjs&environment=default&userId=a260808u0O3sEsrQhEIiWP5rFOwZB3L0LSxXPYO&properties%5BwidgetClientKey%5D=live_gck_vZnjEJeQVxLggYNJz9NbVPmOoBN0 → 304 (46ms, ?B)
[2026-08-08T07:10:11.099Z] GET https://services.tosspayments.com/unleash/api/frontend?sessionId=a260808u0O3sEsrQhEIiWP5rFOwZB3L0LSxXPYO&appName=nextjs&environment=default&userId=a260808u0O3sEsrQhEIiWP5rFOwZB3L0LSxXPYO&properties%5BwidgetClientKey%5D=live_gck_vZnjEJeQVxLggYNJz9NbVPmOoBN0 → 304 (46ms, ?B)
[2026-08-08T07:10:41.100Z] GET https://services.tosspayments.com/unleash/api/frontend?sessionId=a260808u0O3sEsrQhEIiWP5rFOwZB3L0LSxXPYO&appName=nextjs&environment=default&userId=a260808u0O3sEsrQhEIiWP5rFOwZB3L0LSxXPYO&properties%5BwidgetClientKey%5D=live_gck_vZnjEJeQVxLggYNJz9NbVPmOoBN0 → 304 (44ms, ?B)
[2026-08-08T07:11:11.103Z] GET https://services.tosspayments.com/unleash/api/frontend?sessionId=a260808u0O3sEsrQhEIiWP5rFOwZB3L0LSxXPYO&appName=nextjs&environment=default&userId=a260808u0O3sEsrQhEIiWP5rFOwZB3L0LSxXPYO&properties%5BwidgetClientKey%5D=live_gck_vZnjEJeQVxLggYNJz9NbVPmOoBN0 → 304 (46ms, ?B)
[2026-08-08T07:11:41.101Z] GET https://services.tosspayments.com/unleash/api/frontend?sessionId=a260808u0O3sEsrQhEIiWP5rFOwZB3L0LSxXPYO&appName=nextjs&environment=default&userId=a260808u0O3sEsrQhEIiWP5rFOwZB3L0LSxXPYO&properties%5BwidgetClientKey%5D=live_gck_vZnjEJeQVxLggYNJz9NbVPmOoBN0 → 304 (43ms, ?B)
[2026-08-08T07:12:11.100Z] GET https://services.tosspayments.com/unleash/api/frontend?sessionId=a260808u0O3sEsrQhEIiWP5rFOwZB3L0LSxXPYO&appName=nextjs&environment=default&userId=a260808u0O3sEsrQhEIiWP5rFOwZB3L0LSxXPYO&properties%5BwidgetClientKey%5D=live_gck_vZnjEJeQVxLggYNJz9NbVPmOoBN0 → 304 (46ms, ?B)
[2026-08-08T07:12:41.099Z] GET https://services.tosspayments.com/unleash/api/frontend?sessionId=a260808u0O3sEsrQhEIiWP5rFOwZB3L0LSxXPYO&appName=nextjs&environment=default&userId=a260808u0O3sEsrQhEIiWP5rFOwZB3L0LSxXPYO&properties%5BwidgetClientKey%5D=live_gck_vZnjEJeQVxLggYNJz9NbVPmOoBN0 → 304 (44ms, ?B)
[2026-08-08T07:13:11.099Z] GET https://services.tosspayments.com/unleash/api/frontend?sessionId=a260808u0O3sEsrQhEIiWP5rFOwZB3L0LSxXPYO&appName=nextjs&environment=default&userId=a260808u0O3sEsrQhEIiWP5rFOwZB3L0LSxXPYO&properties%5BwidgetClientKey%5D=live_gck_vZnjEJeQVxLggYNJz9NbVPmOoBN0 → 304 (48ms, ?B)
[2026-08-08T07:13:41.097Z] GET https://services.tosspayments.com/unleash/api/frontend?sessionId=a260808u0O3sEsrQhEIiWP5rFOwZB3L0LSxXPYO&appName=nextjs&environment=default&userId=a260808u0O3sEsrQhEIiWP5rFOwZB3L0LSxXPYO&properties%5BwidgetClientKey%5D=live_gck_vZnjEJeQVxLggYNJz9NbVPmOoBN0 → 304 (42ms, ?B)
